,dialog_id,speaker,Max Pitch,Mean Pitch,Sd Pitch,Max Intensity,Mean Intensity,Sd Intensity,Speaking Rate,Jitter,Shimmer,HNR
0,sw4733,A,599.544,54.334,98.937,83.971,47.317,12.662,12.621847050547684,0.01,0.074,15.31
1,sw3223,A,574.822,34.635,75.276,77.292,45.733,15.2,10.702577832377468,0.015,0.105,9.34
2,sw3691,B,596.874,70.514,106.463,78.148,53.44,11.827,10.66551472410306,0.013,0.088,8.26
3,sw4038,B,597.437,26.359,53.78,84.82,18.373,82.753,8.827982737575123,0.014,0.102,9.71
4,sw2104,B,598.148,29.476,70.964,77.184,28.843,23.712,7.9608033907324645,0.017,0.08,11.9
5,sw3902,B,584.52,47.864,93.752,80.614,45.513,14.279,7.164129161786849,0.012,0.078,13.72
6,sw2122,A,599.445,52.33,66.062,82.083,52.297,30.313,14.4523594772822,0.019,0.103,10.39
7,sw3104,B,599.863,32.231,77.816,77.349,37.062,13.036,8.5915997723315,0.014,0.095,12.32
8,sw4339,B,199.252,14.97,36.409,77.33,-114.894,173.343,7.8333880576012005,0.014,0.078,16.05
9,sw2839,A,595.994,55.893,96.841,80.911,46.902,14.78,9.576282654835676,0.016,0.07,13.85
10,sw2019,B,599.238,30.063,71.992,88.095,49.342,14.608,7.87813051802543,0.022,0.127,9.18
11,sw4905,A,590.693,13.673,53.751,85.621,36.467,10.982,4.431240412376659,0.014,0.086,12.82
12,sw4103,A,162.842,9.653,32.837,71.115,-120.98,169.401,8.413662264440838,0.013,0.088,14.21
13,sw4940,A,500.928,18.986,64.13,79.991,37.473,11.894,7.155575413629604,0.013,0.081,14.25
14,sw3435,B,588.44,25.679,51.265,78.861,5.422,101.836,8.728320999352716,0.016,0.09,11.08
15,sw2303,A,598.86,40.3,84.151,83.158,34.949,20.032,6.64790498693352,0.018,0.08,11.84
16,sw3797,A,588.487,16.815,43.574,81.291,42.982,13.662,5.0780490095456585,0.016,0.092,11.76
17,sw3047,A,598.535,25.707,51.615,77.345,42.739,13.614,10.068756555180048,0.022,0.093,10.08
18,sw2024,B,599.555,26.259,69.288,83.298,44.719,15.957,10.11218162834083,0.03,0.117,8.2
19,sw2061,B,594.963,15.62,47.486,79.227,34.141,15.763,7.399898462237304,0.022,0.112,11.21
20,sw3709,B,589.43,30.604,55.429,81.664,46.315,16.59,8.306779694983867,0.013,0.073,11.32
21,sw4341,B,551.399,42.304,88.748,84.851,-28.279,134.798,4.800218828599831,0.011,0.064,12.77
22,sw4728,B,598.208,45.746,76.647,83.365,25.29,83.102,10.49904736437477,0.019,0.111,13.06
23,sw2533,A,583.912,89.156,110.768,83.697,52.278,15.359,13.522944488638547,0.013,0.068,18.51
24,sw3181,B,596.267,49.974,96.549,82.974,47.251,10.939,8.912769069452143,0.011,0.068,14.88
25,sw3515,B,540.915,28.289,59.42,84.034,44.591,11.846,7.881954912404114,0.015,0.089,12.51
26,sw2181,B,596.999,21.623,56.132,83.405,-10.475,121.084,5.482311244837039,0.022,0.099,10.95
27,sw2768,B,596.978,38.771,80.85,86.86,42.937,21.183,10.049379642681734,0.011,0.076,14.13
28,sw3000,B,599.782,29.587,74.848,84.897,37.745,20.332,8.03795751667659,0.026,0.126,11.64
29,sw2362,A,597.624,20.677,48.438,85.044,42.992,13.066,8.980692262390368,0.018,0.11,11.26
30,sw4611,B,588.728,25.162,54.357,76.854,40.003,14.598,8.944710881064028,0.014,0.1,12.7
31,sw2301,B,599.315,15.36,48.217,81.203,38.456,21.975,10.739403956755663,0.018,0.103,9.43
32,sw3362,A,187.154,7.768,28.406,73.732,-22.683,117.992,4.947046174663889,0.014,0.107,10.26
33,sw3327,A,596.09,19.233,63.482,75.152,41.753,12.833,6.633524616155727,0.021,0.119,10.88
34,sw3574,B,597.346,37.993,80.605,81.831,42.782,19.797,7.904555837648461,0.022,0.109,10.63
35,sw4064,B,564.255,32.767,68.246,75.025,42.356,14.433,7.7672309269096536,0.014,0.063,14.75
36,sw3985,A,595.991,16.922,50.638,75.868,31.138,16.836,6.008287755143027,0.018,0.102,9.09
37,sw3688,B,596.465,11.726,42.921,71.422,38.749,11.069,6.558515718397905,0.016,0.093,12.76
38,sw3675,B,597.477,15.99,45.894,70.914,38.038,13.495,10.69767441860465,0.012,0.072,13.56
39,sw2616,A,599.164,6.345,33.27,80.934,37.613,13.096,3.50273786863542,0.017,0.097,10.04
40,sw4320,B,589.691,17.141,43.431,74.583,-49.759,146.836,6.090182839188421,0.016,0.081,12.04
41,sw4099,B,585.161,50.219,92.813,83.546,45.038,14.081,12.379725028545483,0.013,0.076,13.3
42,sw3158,B,506.933,35.43,83.7,76.408,41.327,11.749,7.68700701798987,0.009,0.06,14.22
43,sw4358,B,597.168,18.448,47.832,79.518,31.688,17.517,5.056243608680832,0.01,0.103,10.81
44,sw4082,A,588.71,15.986,53.128,79.011,40.698,15.236,7.199080453589121,0.023,0.115,10.27
45,sw2120,B,596.154,17.002,49.151,81.869,36.289,39.333,5.8750216112421025,0.018,0.098,11.79
46,sw2963,B,598.497,22.984,48.975,87.852,43.782,13.571,8.33645548357626,0.016,0.088,14.09
47,sw3926,B,599.4,58.674,105.55,79.285,43.784,14.567,10.068708060987602,0.011,0.072,16.16
48,sw2264,B,591.469,99.424,112.067,84.815,53.658,10.732,6.917457497567551,0.014,0.088,11.05
49,sw2221,B,599.717,34.947,90.437,75.413,46.324,8.567,9.608046551427348,0.031,0.155,6.54
50,sw4752,A,548.112,37.319,78.163,83.609,38.114,16.817,6.603150016357652,0.015,0.075,13.97
51,sw4774,B,562.406,58.201,94.459,74.481,10.507,99.808,10.502280056350441,0.01,0.067,17.0
52,sw2085,B,594.101,23.475,58.06,71.558,39.703,13.677,10.463227703614136,0.011,0.066,17.63
53,sw3883,B,587.531,72.191,100.376,88.386,55.25,15.209,9.501243059860165,0.016,0.067,15.57
54,sw3379,B,593.939,58.125,100.837,82.891,47.041,16.496,9.006050940475632,0.014,0.078,13.11
55,sw3773,A,598.002,19.433,59.194,76.515,39.091,15.149,7.756327353869453,0.019,0.122,11.8
56,sw2773,A,594.059,18.236,58.569,83.776,-53.744,144.815,4.644607672975186,0.017,0.092,11.3
57,sw2858,A,596.068,25.963,67.65,80.952,38.79,22.947,6.225933597041632,0.011,0.073,15.16
58,sw2078,B,598.236,56.117,95.441,81.823,42.361,15.079,8.772998863099481,0.015,0.068,15.96
59,sw3691,A,599.193,83.05,124.483,90.672,51.81,18.393,8.066946615498987,0.015,0.061,16.17
60,sw4733,B,598.391,32.066,79.501,80.27,34.56,18.239,5.885505644323854,0.015,0.075,11.32
61,sw3223,B,598.02,44.561,100.098,83.338,43.294,16.271,6.2225842419063015,0.014,0.077,12.77
62,sw4038,A,598.718,16.492,69.363,72.703,-25.462,127.887,7.193788728730465,0.025,0.125,13.31
63,sw3104,A,596.881,43.278,82.678,79.041,44.29,13.872,7.593248763590081,0.013,0.075,13.28
64,sw3902,A,599.636,44.553,74.221,83.038,49.397,14.061,10.081980926886397,0.016,0.085,14.09
65,sw2122,B,441.612,10.945,46.006,90.985,45.056,9.82,4.091260080844729,0.012,0.092,10.03
66,sw2104,A,594.53,48.61,87.288,75.936,40.954,16.103,4.746380414596061,0.011,0.116,9.51
67,sw4339,A,599.378,23.358,92.784,72.854,16.708,76.94,7.91379922671259,0.037,0.173,10.86
68,sw2019,A,599.203,24.69,53.373,80.103,46.318,12.831,7.06078306236281,0.016,0.108,10.36
69,sw2839,B,535.182,21.247,46.392,88.464,44.703,13.74,9.322688503050214,0.015,0.083,11.94
70,sw3435,A,591.961,23.165,54.486,81.35,-12.539,119.473,7.170168894345943,0.017,0.1,11.08
71,sw4103,B,222.215,12.418,32.458,80.156,33.418,16.587,6.312751758552276,0.017,0.114,11.42
72,sw4940,B,559.608,12.532,37.118,75.9,32.243,16.41,8.646042426627009,0.017,0.093,11.22
73,sw4905,B,599.285,15.472,47.586,75.722,25.322,64.332,13.082709788921564,0.019,0.134,9.73
74,sw3797,B,599.694,38.527,58.265,76.868,48.829,14.583,10.743058769864428,0.015,0.083,14.14
75,sw2303,B,598.307,32.786,72.562,86.473,20.328,80.742,11.147717149818975,0.019,0.114,12.59
76,sw2061,A,589.207,47.946,67.719,82.716,9.197,115.543,12.573648278534115,0.018,0.093,10.1
77,sw3047,B,579.889,12.259,36.329,80.541,36.258,11.752,4.74581162146714,0.017,0.11,9.03
78,sw2024,A,576.089,18.177,59.175,88.505,37.514,12.767,4.797533686653503,0.015,0.082,11.59
79,sw3709,A,438.669,38.324,65.097,72.07,46.613,11.339,6.957387255589624,0.01,0.082,13.42
80,sw4341,A,598.982,21.284,52.467,74.226,41.514,17.919,9.150104410597175,0.02,0.099,6.52
81,sw4728,A,594.549,31.777,65.483,74.899,46.245,13.985,7.85840826286058,0.016,0.101,10.27
82,sw2181,A,577.32,51.021,82.879,84.881,45.991,19.022,12.382636862952385,0.015,0.094,10.03
83,sw3515,A,549.629,23.224,72.307,78.943,30.622,16.05,7.295749170937595,0.011,0.071,14.96
84,sw2533,B,595.615,40.135,91.433,84.469,32.8,19.424,6.763977421141918,0.018,0.091,14.22
85,sw3181,A,428.277,43.65,85.261,78.871,42.486,15.064,6.58857001649647,0.011,0.071,13.77
86,sw2768,A,538.492,26.83,64.285,82.396,41.885,18.028,7.8277675449613575,0.013,0.078,10.92
87,sw3000,A,597.485,87.444,104.318,76.669,49.563,15.253,8.770908742559794,0.017,0.066,13.0
88,sw3327,B,582.3,29.487,56.366,80.281,40.907,33.181,12.157199701312384,0.018,0.095,11.58
89,sw2301,A,561.764,23.483,67.451,76.788,37.156,11.219,6.5819432966217475,0.011,0.108,10.34
90,sw3362,B,599.345,42.773,83.094,75.459,38.915,17.429,8.460554256737293,0.014,0.07,13.17
91,sw2362,B,597.769,45.214,80.367,70.23,38.637,12.162,8.32169663845498,0.018,0.086,12.7
92,sw4611,A,591.739,17.354,45.725,73.089,-123.47,172.733,8.144289325711542,0.017,0.1,9.3
93,sw3985,B,560.419,35.655,60.237,79.641,45.91,14.647,11.799005201603995,0.012,0.078,11.56
94,sw3574,A,558.397,16.678,42.753,76.969,40.803,12.027,6.213114863914362,0.014,0.111,10.51
95,sw4064,A,597.814,25.102,60.249,84.424,37.06,19.609,6.983474119278408,0.018,0.1,9.59
96,sw3688,A,596.025,19.733,45.242,74.253,40.543,15.104,8.735782647316151,0.018,0.1,9.87
97,sw4320,A,596.304,31.252,53.542,75.435,45.547,18.285,10.779824180231975,0.016,0.093,8.28
98,sw3675,A,546.969,7.314,33.283,72.146,10.058,80.077,4.306508281746695,0.013,0.08,14.61
99,sw2616,B,597.629,51.796,67.455,82.683,50.07,27.193,13.91108460817087,0.017,0.101,10.76
100,sw4099,A,197.999,10.258,31.292,81.779,33.04,14.864,5.999559297814518,0.022,0.085,11.9
101,sw3158,A,599.744,54.45,99.65,79.315,46.744,11.738,9.289303084838064,0.01,0.062,15.31
102,sw4358,A,590.22,29.941,64.935,88.688,40.512,14.769,10.0757266888121,0.011,0.114,11.2
103,sw3926,A,587.69,26.705,59.199,77.237,-9.758,116.545,7.489646959651576,0.018,0.096,9.38
104,sw4082,B,587.974,22.193,51.423,79.114,3.796,102.415,9.780263361318553,0.02,0.103,12.13
105,sw2120,A,549.712,47.341,91.937,87.708,-27.96,140.88,8.439120026318106,0.018,0.095,14.02
106,sw2963,A,581.098,29.484,73.041,80.952,46.011,12.051,8.985593721862452,0.013,0.096,14.7
107,sw4774,A,530.981,34.401,86.388,80.566,43.779,11.589,5.998918392009455,0.012,0.076,13.57
108,sw2221,A,599.384,45.882,92.76,73.764,39.585,12.758,7.675767191180204,0.018,0.101,11.65
109,sw4752,B,551.884,15.268,40.929,75.866,15.065,86.335,10.382101390734226,0.014,0.106,10.44
110,sw2264,A,597.226,93.146,112.615,89.889,55.98,24.516,13.511521885214613,0.016,0.076,11.53
111,sw3883,A,592.043,27.252,79.458,78.671,29.283,16.697,5.205521451947239,0.01,0.082,14.72
112,sw2085,A,598.204,16.07,58.001,86.755,39.013,12.319,4.9524944633128225,0.016,0.117,8.96
113,sw3379,A,599.556,29.581,65.971,80.236,44.45,15.653,7.464836865840665,0.02,0.094,13.5
114,sw2773,B,599.137,37.952,64.066,87.658,49.046,15.083,10.311515016870548,0.023,0.093,12.18
115,sw3773,B,598.419,15.606,51.613,71.603,40.928,11.328,9.635938431848183,0.018,0.11,11.37
116,sw2078,A,599.289,37.542,88.489,87.47,46.049,13.069,8.380676363988467,0.015,0.119,9.32
117,sw2858,B,594.468,44.791,87.313,87.126,42.251,15.167,8.421784214892565,0.011,0.069,14.09
118,sw3657,B,596.137,35.219,57.03,82.902,47.61,14.45,9.59934619944936,0.019,0.091,14.1
119,sw4796,B,596.355,25.543,56.961,79.591,40.466,16.019,10.456533170040135,0.014,0.112,12.5
120,sw3556,B,584.267,33.606,57.299,86.79,48.72,13.195,8.950524235420227,0.019,0.096,13.08
121,sw2570,A,594.83,55.966,97.573,88.546,46.155,16.982,9.121108086997042,0.015,0.072,13.76
122,sw3570,A,589.733,60.2,95.854,81.061,48.739,13.038,10.38196794927648,0.016,0.079,14.13
123,sw4060,A,543.432,21.349,46.755,76.547,24.433,77.667,9.240171059917671,0.016,0.09,11.66
124,sw4138,A,599.844,9.665,37.077,77.099,4.338,96.151,6.678732910792164,0.017,0.126,9.43
125,sw4633,B,580.499,19.451,46.749,75.232,36.054,15.218,8.350485742827836,0.014,0.096,12.8
126,sw3791,A,578.299,19.297,46.744,72.614,41.7,13.67,9.7937627435906,0.014,0.096,9.88
127,sw2366,B,596.853,22.744,48.113,82.396,22.352,67.003,8.40951354127034,0.015,0.096,10.83
128,sw4615,A,534.994,15.413,55.713,74.542,34.452,14.94,10.632819970977081,0.01,0.084,11.8
129,sw2041,A,597.574,32.953,69.616,84.932,40.096,19.342,10.02969317057077,0.016,0.1,8.41
130,sw2847,A,599.994,69.82,111.419,79.369,-25.831,135.475,7.768357751648691,0.013,0.069,15.49
131,sw3802,A,597.776,29.759,65.881,81.238,46.407,13.711,8.40296717214021,0.018,0.114,10.8
132,sw2022,B,599.576,32.233,79.13,81.813,40.662,14.306,7.712091976748844,0.011,0.075,13.77
133,sw3847,A,598.731,36.303,79.496,76.552,35.68,17.644,7.208151654970253,0.013,0.07,15.69
134,sw2067,B,570.606,89.378,118.414,77.069,47.36,17.354,9.844950873577144,0.013,0.079,11.95
135,sw3751,A,571.858,45.787,85.467,84.869,44.947,14.311,8.324987060476309,0.013,0.07,13.11
136,sw3777,B,589.156,20.176,46.783,71.585,44.162,11.994,9.358244135656145,0.016,0.092,10.85
137,sw2039,A,593.178,14.721,49.502,81.901,7.435,98.665,8.640329070439867,0.022,0.124,9.65
138,sw3081,A,597.273,40.296,80.44,80.766,43.151,14.149,6.642458348655442,0.012,0.078,14.96
139,sw3887,A,595.863,28.041,60.049,80.487,46.413,12.051,6.4917618769352705,0.018,0.087,13.32
140,sw2450,A,593.669,71.772,110.548,89.208,51.715,16.029,9.980783354730427,0.014,0.08,17.29
141,sw4123,B,596.053,27.992,65.553,77.982,41.956,18.013,7.84101526527704,0.02,0.109,9.7
142,sw3433,B,599.936,76.33,109.102,86.336,54.588,15.597,11.290787173183459,0.014,0.074,13.09
143,sw4166,B,555.45,14.221,39.8,73.426,-120.152,173.02,9.449937000419997,0.016,0.098,11.92
144,sw4628,A,485.84,17.831,46.535,80.788,-173.94,168.474,4.988731885754027,0.014,0.092,14.79
145,sw4735,A,584.195,27.662,68.372,76.145,30.861,54.332,10.506972291584379,0.01,0.075,12.57
146,sw2260,A,597.701,50.414,76.929,88.976,50.56,13.872,7.928013037072504,0.013,0.078,13.17
147,sw2102,B,593.444,28.031,61.711,81.407,7.446,98.32,6.9682011064285865,0.015,0.08,8.9
148,sw2124,A,596.973,66.375,102.484,89.072,45.814,17.695,11.077434087606393,0.01,0.067,19.05
149,sw4880,B,595.885,11.443,38.852,80.364,-50.748,146.325,5.3293697819377215,0.021,0.102,10.21
150,sw2788,A,554.941,29.401,66.776,81.546,38.831,13.057,7.868791240301548,0.014,0.081,9.57
151,sw4927,A,569.656,18.703,64.538,82.59,38.603,11.072,4.656581323986598,0.011,0.072,13.74
152,sw3431,A,587.693,16.219,42.353,73.214,37.247,15.196,8.97254628667922,0.016,0.084,13.38
153,sw3489,A,588.74,19.868,48.942,75.053,38.209,15.2,7.079403120962397,0.019,0.094,12.52
154,sw4548,A,572.471,17.526,53.023,77.381,42.509,13.475,9.438998511914692,0.019,0.119,10.62
155,sw2716,B,599.366,35.065,70.185,85.8,38.121,23.501,9.748173571831313,0.019,0.112,12.31
156,sw3716,B,597.435,50.804,91.519,82.201,48.195,17.201,9.418339888221901,0.017,0.081,10.6
157,sw2163,B,437.603,13.482,54.687,87.114,39.553,13.537,8.66342732571606,0.01,0.063,5.99
158,sw2965,B,596.423,17.639,48.259,75.282,31.792,14.324,4.68237958630734,0.02,0.1,10.77
159,sw3965,B,513.118,29.886,78.801,71.343,33.753,16.026,6.115399291724964,0.014,0.069,13.65
160,sw2145,A,456.679,22.093,58.294,88.016,40.06,13.317,4.730970515915892,0.01,0.071,17.58
161,sw4378,A,599.381,30.088,64.435,79.763,25.85,78.323,10.20792805648858,0.017,0.108,8.7
162,sw2227,B,597.62,59.678,95.519,87.768,49.772,15.213,5.798333555477906,0.015,0.087,12.93
163,sw2244,A,576.047,16.675,55.335,88.563,33.054,14.364,5.376003382977771,0.016,0.097,11.49
164,sw4859,B,591.458,15.565,39.47,83.748,38.035,16.278,7.678310771630242,0.018,0.12,8.94
165,sw4079,A,575.275,13.137,37.466,75.539,29.846,44.08,6.296051357074624,0.012,0.105,11.88
166,sw3569,A,503.994,10.187,35.944,68.77,29.585,14.439,4.571024376572332,0.012,0.076,14.24
167,sw4821,B,598.356,39.676,74.716,79.217,39.785,18.412,9.90724703585066,0.013,0.066,16.57
168,sw3983,A,467.198,36.886,84.765,77.531,38.634,15.527,6.581547551262384,0.017,0.077,12.79
169,sw3554,A,593.776,55.853,95.274,86.448,45.805,19.42,8.881202625223283,0.013,0.073,14.48
170,sw2178,A,599.998,78.977,128.365,88.004,50.502,12.38,6.928178836959467,0.013,0.066,16.57
171,sw2610,A,599.847,44.084,74.683,82.33,47.298,15.553,9.013155639978391,0.017,0.096,13.13
172,sw3845,B,595.206,56.416,97.87,85.494,49.494,13.516,8.700529510353164,0.014,0.082,12.22
173,sw2065,A,590.464,51.061,91.577,84.116,45.912,15.302,9.356812945287622,0.013,0.079,13.64
174,sw2020,A,596.918,41.368,81.22,77.845,39.329,13.026,4.535928645060561,0.016,0.089,12.28
175,sw2006,B,595.906,40.93,92.032,90.875,41.309,15.063,6.066427770483467,0.014,0.077,13.24
176,sw3020,A,588.813,71.892,107.731,77.699,41.26,17.153,11.495474417318977,0.016,0.081,15.98
177,sw2800,B,533.743,32.062,78.002,81.305,45.426,12.9,4.85628426081652,0.017,0.077,13.46
178,sw4617,B,596.799,21.47,52.672,85.719,37.561,47.813,8.467598883481823,0.014,0.1,11.55
179,sw3342,B,598.005,19.419,44.341,75.855,-29.394,135.014,7.114100253883615,0.016,0.093,13.38
180,sw2342,B,598.385,44.061,72.402,78.219,43.506,16.295,12.588733387242785,0.019,0.113,9.43
181,sw3657,A,575.105,18.669,47.872,75.413,38.643,13.769,6.223163028114763,0.019,0.097,12.89
182,sw4796,A,598.293,13.086,44.684,78.49,39.002,12.519,4.739052588840596,0.013,0.106,11.22
183,sw3570,B,592.192,25.596,54.397,85.638,44.831,15.861,6.88668306512691,0.018,0.101,12.84
184,sw4060,B,478.244,18.392,56.478,73.478,38.681,12.371,5.971085269766293,0.013,0.071,14.17
185,sw2570,B,596.951,71.413,97.176,80.052,45.263,11.667,7.704786955475762,0.012,0.078,12.39
186,sw3556,A,568.516,23.137,48.86,71.317,47.621,10.078,10.28707332596389,0.013,0.094,9.67
187,sw4138,B,588.591,23.296,54.231,79.072,40.993,14.628,8.615565454921892,0.012,0.091,12.39
188,sw2366,A,592.483,8.044,26.716,82.188,36.983,13.921,7.228088519432581,0.014,0.096,12.91
189,sw4615,B,205.618,9.981,31.287,73.544,-181.266,164.581,5.252880557988992,0.014,0.079,17.01
190,sw3791,B,581.237,29.742,72.657,81.055,55.104,6.043,4.95704783233613,0.017,0.09,12.16
191,sw4633,A,466.315,21.845,68.759,78.206,37.2,12.716,8.058838910380617,0.009,0.062,16.75
192,sw3847,B,385.922,36.801,78.084,72.579,42.535,13.035,8.750609304157958,0.009,0.075,14.53
193,sw2067,A,594.734,58.655,107.883,88.726,-48.794,154.202,7.461395048811762,0.013,0.083,12.49
194,sw3802,B,597.432,32.021,55.157,81.069,50.147,15.272,10.245723130942888,0.018,0.081,10.29
195,sw2022,A,593.312,46.962,95.457,83.295,45.533,13.209,10.308990059080188,0.013,0.087,13.45
196,sw2847,B,597.316,63.853,106.202,88.4,48.482,16.982,9.435509071497679,0.012,0.07,14.82
197,sw2041,B,579.029,50.351,99.71,87.997,47.709,14.239,7.8329832239850665,0.016,0.091,12.38
198,sw3777,A,578.64,43.603,97.164,78.733,42.82,14.434,6.720708328603576,0.012,0.08,12.83
199,sw3751,B,437.434,21.659,56.355,82.33,39.734,14.059,8.469506415987201,0.013,0.077,14.76
200,sw2039,B,599.818,28.711,70.306,87.645,40.498,15.092,5.2365016398278215,0.013,0.074,15.59
201,sw4166,A,336.416,49.952,84.655,76.913,44.456,15.207,7.649949000339998,0.009,0.06,16.95
202,sw2450,B,595.635,32.045,58.765,87.721,48.439,15.175,7.206726950986109,0.015,0.068,11.02
203,sw4123,A,599.924,21.13,47.696,75.411,35.16,16.892,8.3754007891429,0.011,0.077,14.83
204,sw3433,A,590.173,30.198,76.924,80.459,42.987,12.206,5.760947474896336,0.015,0.084,13.04
205,sw3887,B,553.106,28.016,53.916,76.026,-8.88,119.535,9.198621718016403,0.016,0.087,9.89
206,sw3081,B,597.801,78.347,106.518,75.382,46.788,13.152,7.07697004875199,0.013,0.07,14.23
207,sw4628,B,569.643,12.832,39.264,71.368,37.786,14.302,9.873810495061422,0.012,0.084,17.09
208,sw2260,B,597.507,63.707,108.934,87.266,52.222,15.316,8.982618456958447,0.016,0.08,12.69
209,sw4735,B,596.153,6.584,27.485,70.121,10.817,77.833,4.535504127141394,0.014,0.099,10.21
210,sw4880,A,588.872,40.538,62.049,77.972,48.6,16.446,9.30296395980209,0.016,0.085,9.9
211,sw2124,B,451.169,15.139,55.246,88.707,37.666,11.595,5.5553248910110025,0.012,0.066,14.79
212,sw2102,A,599.699,39.764,90.589,82.696,43.82,12.825,10.79984824518656,0.012,0.082,15.24
213,sw2788,B,599.993,30.166,67.898,75.239,42.71,12.698,11.698158502795755,0.024,0.124,7.66
214,sw3431,B,592.016,17.112,43.558,79.02,39.807,13.145,7.468187331220307,0.017,0.087,13.8
215,sw4927,B,598.326,35.635,58.341,81.695,35.734,62.284,13.382215686669486,0.018,0.093,8.83
216,sw3489,B,597.073,30.475,63.079,73.378,42.411,14.709,8.753020880055162,0.011,0.068,14.2
217,sw4548,B,598.351,32.049,76.966,76.608,32.904,60.377,6.556250291944988,0.016,0.096,10.2
218,sw3716,A,586.523,54.448,89.084,83.012,49.832,12.823,8.179699654783288,0.015,0.079,11.92
219,sw2716,A,597.874,66.952,103.99,77.09,45.585,14.035,10.076557667872827,0.017,0.079,11.42
220,sw3965,A,596.136,59.796,96.159,80.001,41.643,19.746,10.376430106375144,0.013,0.073,14.51
221,sw2145,B,587.95,25.419,50.486,82.342,38.641,18.662,9.651654135226908,0.015,0.093,10.55
222,sw2965,A,566.785,21.672,55.706,78.216,32.382,12.213,7.568595024712113,0.012,0.074,13.41
223,sw2163,A,593.801,56.983,109.651,86.815,44.46,13.768,6.864262454784771,0.011,0.056,18.66
224,sw4378,B,597.424,16.176,55.167,78.502,31.926,14.389,3.806517188225712,0.011,0.096,13.35
225,sw2244,B,528.23,36.848,83.57,81.434,41.476,16.383,9.824721266238008,0.012,0.073,13.71
226,sw2227,A,599.362,65.552,80.393,83.102,56.692,31.907,0.2680144237870006,0.021,0.096,10.5
227,sw4079,B,596.475,20.648,83.512,72.857,32.364,48.138,10.397669959985837,0.029,0.149,11.81
228,sw3569,B,599.873,30.328,57.693,78.854,32.803,56.83,9.385614285618956,0.018,0.102,13.1
229,sw4859,A,595.854,22.298,52.625,75.261,39.097,15.567,9.514573460505357,0.015,0.092,14.32
230,sw3554,B,578.299,38.5,73.63,76.774,46.008,13.353,9.309373599245347,0.011,0.101,9.8
231,sw3983,B,578.494,26.901,51.163,80.988,46.645,15.081,8.825637556018515,0.016,0.087,11.0
232,sw4821,A,597.791,26.638,76.26,83.587,41.38,12.384,6.78761778021493,0.013,0.082,13.86
233,sw2178,B,599.375,77.727,127.456,90.497,47.158,15.752,8.162452618894196,0.012,0.066,15.39
234,sw2610,B,599.283,48.379,71.251,77.393,45.87,15.836,6.0493326830925795,0.015,0.08,8.82
235,sw3020,B,547.374,38.231,88.708,82.084,39.87,15.418,5.965303159392834,0.013,0.089,14.22
236,sw2800,A,493.191,28.641,46.54,85.233,47.216,15.708,14.415172900778153,0.018,0.101,12.7
237,sw2006,A,599.876,29.206,65.557,88.763,46.337,14.893,10.589541769457652,0.024,0.114,9.95
238,sw2020,B,598.243,44.834,69.915,83.004,44.562,20.529,11.479861578349807,0.018,0.1,12.9
239,sw3845,A,599.748,40.3,77.81,82.815,47.941,14.162,9.828994197421224,0.015,0.104,11.24
240,sw2065,B,593.949,23.811,49.484,79.699,43.28,12.659,9.46033228907917,0.018,0.11,10.14
241,sw2342,A,599.218,29.413,61.619,79.818,39.226,14.634,4.634442267394706,0.016,0.084,11.0
242,sw3342,A,592.694,49.359,89.289,84.917,44.816,16.137,10.11180257366979,0.013,0.079,11.82
243,sw4617,A,599.533,21.149,53.202,80.55,40.812,15.331,7.4267201274490775,0.019,0.102,11.16
244,sw4366,B,599.884,22.281,45.569,75.95,9.657,100.971,3.10656731007425,0.013,0.083,12.34
245,sw2180,A,595.039,53.477,97.567,88.505,-18.902,135.669,9.668163433062276,0.012,0.087,13.82
246,sw4022,B,585.88,37.216,67.338,86.582,41.832,23.572,9.43610656148678,0.016,0.091,8.64
247,sw2514,A,559.339,101.986,109.938,80.445,53.145,14.374,12.488615738763796,0.013,0.061,17.05
248,sw4802,A,406.859,7.056,29.489,71.466,33.182,11.993,5.151395462487531,0.016,0.104,11.66
249,sw4004,A,590.899,21.323,52.972,84.159,32.5,20.313,0.0,0.014,0.099,10.17
250,sw3796,B,597.682,40.284,73.206,87.793,51.253,17.385,8.134515643299313,0.021,0.095,9.99
251,sw2324,A,598.347,61.385,95.637,89.423,48.767,15.353,9.880280878534176,0.01,0.073,14.48
252,sw3324,A,586.534,28.301,58.08,82.2,44.61,16.186,6.8145439445996,0.014,0.071,10.82
253,sw3046,B,591.146,46.806,90.002,88.012,42.321,21.861,10.27059055895714,0.013,0.084,12.96
254,sw2025,A,597.364,28.179,72.931,80.943,44.476,15.291,9.151135117180157,0.027,0.112,9.02
255,sw3497,B,579.523,16.459,62.066,72.283,30.444,14.469,7.604461105653897,0.009,0.069,17.48
256,sw2060,A,598.205,51.315,83.702,88.179,47.179,16.378,8.099397908996501,0.011,0.069,16.97
257,sw3025,A,599.944,69.475,107.914,74.668,39.794,13.683,10.048303599142873,0.014,0.079,15.07
258,sw2840,B,595.758,22.467,55.657,81.624,-57.533,151.668,5.898743398288108,0.013,0.087,12.54
259,sw2708,A,594.903,15.075,47.118,80.461,36.311,13.886,7.810032541802258,0.017,0.109,12.03
260,sw2018,A,599.53,98.186,117.494,82.919,51.588,11.981,6.940896443058768,0.013,0.072,14.76
261,sw3838,B,417.606,22.155,68.969,73.259,30.571,16.052,6.634127372563744,0.011,0.063,14.76
262,sw2387,B,598.159,80.804,101.671,89.813,52.317,21.149,12.905204268723466,0.02,0.077,13.69
263,sw3735,A,593.65,50.366,86.09,78.605,39.455,20.133,8.991179602579816,0.015,0.074,13.81
264,sw2770,A,597.533,30.396,62.816,84.929,47.849,32.203,8.018800691970617,0.012,0.096,11.18
265,sw4380,A,597.162,13.018,39.898,78.988,35.042,15.401,9.495424173447523,0.015,0.111,10.22
266,sw3903,A,598.71,25.92,63.23,88.943,43.871,15.245,10.13142852758618,0.019,0.119,9.54
267,sw3140,A,599.788,76.926,101.309,79.045,45.333,17.004,9.360158344791317,0.013,0.063,14.63
268,sw3946,A,590.698,43.918,83.302,78.418,36.208,19.952,8.775900053913379,0.013,0.076,14.12
269,sw3105,A,592.534,54.917,89.716,83.371,47.144,12.944,5.200608364681568,0.013,0.07,14.82
270,sw3925,B,597.935,17.906,50.085,76.717,40.753,13.182,6.092113835882349,0.013,0.092,11.47
271,sw2105,A,599.742,71.975,119.333,88.498,47.874,20.006,8.139909443959853,0.01,0.056,17.98
272,sw2628,A,586.357,38.177,82.459,81.87,42.411,13.575,10.41256106838743,0.013,0.079,14.82
273,sw4788,A,526.707,39.589,80.378,74.54,26.195,68.667,11.458702528471214,0.009,0.071,15.21
274,sw2107,B,597.084,75.137,115.172,82.863,51.014,12.964,8.746940475818887,0.014,0.094,14.23
275,sw3962,A,599.807,14.53,44.692,74.147,38.164,12.868,0.0,0.014,0.098,11.2
276,sw3121,A,591.51,36.627,75.194,80.875,35.154,17.743,8.190574942314411,0.018,0.09,11.75
277,sw3107,B,582.491,40.968,62.774,87.211,48.323,19.413,8.585618311243113,0.015,0.094,10.7
278,sw3142,B,596.59,75.603,110.641,73.825,39.903,14.017,7.980885457608596,0.014,0.075,15.06
279,sw2962,A,599.004,41.32,79.572,88.955,10.692,111.815,12.297177417592742,0.017,0.1,7.91
280,sw2265,A,593.413,26.807,55.679,86.087,46.082,14.782,7.41470276656766,0.02,0.105,9.85
281,sw4716,B,599.105,11.905,36.302,73.959,34.045,14.163,6.500357235862475,0.017,0.106,9.88
282,sw4382,B,585.007,16.169,48.876,73.823,38.315,13.38,5.807068835174245,0.018,0.089,13.62
283,sw3692,B,557.67,8.078,36.178,73.069,38.817,12.198,10.685606745561339,0.016,0.132,11.58
284,sw2575,A,597.425,8.032,31.453,73.991,19.585,70.615,9.937187899247121,0.017,0.102,13.57
285,sw4342,B,529.018,19.1,47.322,81.406,42.958,14.37,5.536249091188026,0.018,0.097,9.0
286,sw4364,A,591.797,18.042,43.983,76.77,35.364,16.493,8.372093023255813,0.014,0.091,12.33
287,sw3979,B,596.217,25.559,52.54,77.49,-8.789,121.951,6.095325695013764,0.014,0.081,11.17
288,sw3062,B,599.315,54.223,98.609,82.72,45.942,14.559,10.0824243192612,0.013,0.091,14.71
289,sw4572,B,599.247,10.846,51.613,72.447,26.441,21.182,5.8848748333679435,0.019,0.109,13.08
290,sw3821,B,575.463,11.638,39.988,71.055,41.015,12.259,8.41121495327103,0.014,0.12,10.98
291,sw2027,B,598.804,88.718,131.559,90.08,51.288,15.217,9.822684426112817,0.013,0.074,14.28
292,sw2300,A,596.008,68.335,103.014,80.462,48.564,15.779,9.372306688895323,0.01,0.065,17.2
293,sw3363,B,581.987,50.306,84.842,76.07,49.448,12.34,7.204813002049933,0.014,0.082,10.83
294,sw3300,A,599.051,28.433,52.583,82.562,6.401,105.698,5.511916301768225,0.016,0.09,12.97
295,sw4366,A,536.008,23.184,67.915,80.009,-11.965,109.875,9.20588373136227,0.011,0.064,12.61
296,sw4004,B,595.234,27.886,54.586,88.7,42.171,19.468,0.0,0.017,0.085,11.95
297,sw4802,B,544.476,20.462,47.07,74.933,37.633,15.022,7.809100463926843,0.011,0.083,12.91
298,sw2514,B,596.869,37.318,86.214,83.2,30.013,19.8,4.633573548624472,0.014,0.07,19.04
299,sw2180,B,587.877,12.092,39.724,72.89,27.514,16.315,4.645865582951459,0.016,0.086,10.18
300,sw4022,A,597.262,34.149,71.95,81.807,49.043,14.175,10.10462278971822,0.02,0.118,8.52
301,sw3324,B,598.419,62.567,106.492,85.296,49.677,14.113,9.875228546744088,0.014,0.087,12.25
302,sw3796,A,595.761,38.753,62.951,79.456,39.557,22.958,10.035134682951313,0.017,0.088,10.08
303,sw2324,B,583.022,52.069,101.234,81.739,46.24,13.207,9.380054877734795,0.017,0.075,13.55
304,sw2840,A,598.754,73.615,113.611,84.001,50.208,18.694,10.216718266253869,0.019,0.069,15.87
305,sw3025,B,581.589,36.308,73.663,72.827,36.511,13.026,4.970845149178106,0.015,0.079,14.5
306,sw2060,B,570.005,23.231,52.0,81.722,-34.67,135.302,5.67673032253066,0.013,0.076,13.34
307,sw3046,A,582.098,30.051,75.47,87.832,-3.655,108.418,8.708980298530909,0.012,0.083,13.48
308,sw2025,B,598.56,69.918,106.766,85.36,49.865,16.837,10.72813035551005,0.013,0.081,13.74
309,sw3497,A,575.86,36.946,79.204,77.575,40.38,13.774,8.139045366156807,0.013,0.055,18.66
310,sw2708,B,589.64,31.327,67.602,71.311,35.22,13.967,6.670027791782466,0.017,0.097,9.14
311,sw2018,B,596.293,67.103,95.856,91.065,52.683,15.019,11.446578832679608,0.014,0.074,11.91
312,sw3838,A,591.725,44.654,89.743,80.34,44.179,14.166,8.611962213297755,0.014,0.083,13.3
313,sw2770,B,551.546,48.416,92.423,84.537,44.557,13.577,9.305352091787048,0.01,0.065,15.45
314,sw2387,A,582.49,54.165,102.212,80.481,46.549,13.622,4.878899364064186,0.011,0.077,13.67
315,sw3735,B,591.509,46.949,91.685,83.346,41.015,20.206,8.264518159838728,0.018,0.08,12.0
316,sw4380,B,599.917,23.271,71.062,78.891,41.626,15.649,7.486199093512406,0.026,0.13,10.38
317,sw3925,A,599.963,42.907,72.948,84.302,48.066,14.926,10.612502602749847,0.018,0.089,13.26
318,sw2105,B,599.994,49.559,95.472,76.993,44.079,13.984,11.183779538388594,0.019,0.096,8.22
319,sw3946,B,597.584,25.504,57.967,83.959,45.899,14.625,8.446429403425162,0.017,0.126,10.01
320,sw3105,B,594.724,76.578,103.389,85.887,54.525,15.653,9.815482681463847,0.017,0.072,15.27
321,sw3903,B,471.499,17.107,58.693,83.324,34.174,23.462,6.6941850740772,0.008,0.064,15.19
322,sw3140,B,400.861,11.552,34.873,84.962,35.027,12.59,4.389867562988373,0.014,0.111,10.4
323,sw2628,B,592.07,53.128,86.425,74.3,43.555,8.97,6.404524997729335,0.016,0.112,10.15
324,sw4788,B,594.756,20.748,67.088,73.387,30.553,13.878,3.4138708145810064,0.01,0.054,16.78
325,sw3142,A,594.867,42.261,82.537,79.929,41.247,16.675,7.976447934418378,0.011,0.074,13.81
326,sw2962,B,593.026,21.161,52.996,83.133,35.1,18.764,4.98616895290452,0.02,0.095,13.23
327,sw3107,A,599.474,15.773,47.115,86.328,30.429,17.74,6.077959726291733,0.018,0.12,10.63
328,sw3962,B,597.261,21.265,49.786,77.322,39.951,13.773,0.0,0.013,0.085,11.88
329,sw3121,B,599.811,36.458,75.022,79.901,43.461,16.14,9.085063159323482,0.021,0.1,8.96
330,sw2107,A,599.928,61.363,110.152,88.457,48.294,13.417,9.94731647572692,0.015,0.082,14.94
331,sw4382,A,590.319,16.084,49.748,79.389,13.149,86.538,8.75743445304503,0.018,0.102,8.55
332,sw3692,A,463.971,23.309,55.822,78.565,36.869,15.871,5.686042072692934,0.012,0.1,12.56
333,sw2265,B,599.142,19.757,55.365,88.628,42.481,13.534,7.615662000427905,0.024,0.1,10.36
334,sw4716,A,537.284,27.473,69.008,70.45,16.103,84.488,11.121052877584953,0.01,0.079,14.1
335,sw2575,B,595.808,8.787,32.403,76.182,34.008,13.482,6.8766407701570795,0.014,0.1,9.13
336,sw4364,B,577.042,28.529,55.269,76.415,36.299,18.435,5.1330098711728285,0.011,0.069,15.61
337,sw4342,A,598.003,35.371,63.516,80.978,33.498,61.423,10.292087165907379,0.014,0.085,12.82
338,sw3979,A,597.384,25.811,58.483,76.552,-31.727,138.035,6.848493331467078,0.017,0.095,9.71
339,sw2027,A,598.07,83.802,123.799,81.426,53.91,15.876,9.254980224532268,0.013,0.104,11.01
340,sw3062,A,597.316,39.914,75.84,83.681,45.335,13.563,7.2109463143712365,0.015,0.074,14.95
341,sw4572,A,586.006,18.887,52.079,82.317,40.173,17.912,8.179205659126078,0.02,0.116,8.38
342,sw3821,A,599.655,35.986,72.328,88.083,47.269,18.884,8.578702307975748,0.022,0.104,8.14
343,sw3300,B,563.835,18.304,41.988,77.756,35.953,16.856,8.389878664304575,0.013,0.084,13.51
344,sw2300,B,599.543,25.548,65.836,82.055,42.504,16.16,8.513774778462164,0.024,0.111,9.69
345,sw3363,A,597.693,91.681,116.651,88.253,54.858,17.501,13.020746389246867,0.014,0.075,14.17
346,sw4019,B,599.319,19.231,49.835,79.954,38.886,15.693,6.2761365848419555,0.015,0.097,11.39
347,sw3696,A,591.911,47.926,97.083,82.501,44.109,13.935,8.40307933929782,0.012,0.08,13.09
348,sw3202,A,276.861,18.384,59.258,69.089,-6.775,101.011,4.952151509067791,0.008,0.062,17.42
349,sw2608,B,599.25,31.461,72.569,76.553,32.28,12.873,5.413997237478331,0.017,0.078,14.35
350,sw3597,A,582.119,4.416,25.96,69.075,28.989,12.515,3.3852267633619446,0.013,0.082,12.58
351,sw2125,B,596.989,36.352,84.113,87.877,49.689,14.243,9.102156148783807,0.024,0.138,10.63
352,sw3103,A,598.925,24.464,59.463,78.016,37.835,12.625,6.283879585601217,0.018,0.087,9.94
353,sw2160,B,550.052,51.748,103.214,84.232,-102.627,173.496,6.404994224199376,0.013,0.08,13.81
354,sw3776,A,532.511,29.98,53.491,73.849,39.943,41.6,10.922354485835438,0.017,0.089,10.26
355,sw3750,B,596.165,23.718,55.85,75.502,41.942,14.216,11.944617070611898,0.013,0.076,12.48
356,sw4691,B,569.431,32.006,82.618,86.891,42.669,12.942,12.825581473266636,0.012,0.08,14.29
357,sw2038,B,599.571,37.88,67.348,83.695,47.979,14.839,8.920033640412424,0.016,0.097,13.25
358,sw3080,B,598.363,31.748,60.873,87.041,46.062,18.312,11.77393869653571,0.02,0.111,8.2
359,sw4902,B,597.585,15.522,50.305,76.91,37.685,12.789,6.306897729784768,0.014,0.083,12.95
360,sw2477,A,591.965,29.436,63.194,87.365,42.319,15.894,8.943649734310549,0.012,0.094,11.25
361,sw3414,B,597.258,20.853,53.498,72.113,40.78,13.371,10.621982010943455,0.017,0.116,11.15
362,sw4181,B,598.84,32.21,71.037,83.435,51.263,13.545,0.0,0.023,0.119,7.36
363,sw2040,B,590.009,18.791,44.916,77.497,35.147,17.187,8.562854600631303,0.017,0.102,10.29
364,sw3825,A,564.328,30.506,79.402,75.508,33.114,16.895,7.902091809036133,0.01,0.065,15.13
365,sw2005,B,587.731,5.823,28.464,73.493,31.516,12.587,6.637716519666606,0.015,0.085,11.24
366,sw4325,B,426.045,12.161,52.742,70.72,33.41,13.313,6.434174476323175,0.008,0.063,12.71
367,sw2938,A,599.127,62.367,95.358,78.012,48.191,8.879,9.260276717620766,0.016,0.109,12.5
368,sw3118,B,596.076,36.414,75.111,83.173,-22.247,132.501,8.435388397138418,0.013,0.084,13.29
369,sw3557,A,399.759,6.713,29.536,74.191,29.759,13.257,4.876281952390854,0.015,0.088,10.68
370,sw4709,B,596.347,15.894,48.901,78.962,-82.137,166.895,7.056081320251921,0.02,0.11,9.7
371,sw3064,B,599.193,61.572,101.481,82.119,49.369,13.02,8.589382284343321,0.014,0.079,12.29
372,sw2844,A,505.742,42.186,83.961,81.722,46.311,13.195,9.721159121280582,0.013,0.087,14.75
373,sw3862,B,468.384,11.877,43.306,70.608,35.682,11.941,5.372571818054247,0.014,0.07,12.62
374,sw2862,B,598.677,56.715,74.648,70.563,39.652,13.335,4.766456294409371,0.016,0.091,12.39
375,sw4688,B,452.713,41.076,77.783,75.679,15.625,84.341,8.203070225225526,0.011,0.067,16.85
376,sw3398,B,581.967,14.862,38.651,76.161,-43.74,141.751,5.96673996114681,0.014,0.086,13.96
377,sw4675,B,597.427,33.441,74.316,77.057,-4.771,113.713,10.154761506835579,0.013,0.09,12.86
378,sw4630,B,574.529,5.255,24.508,68.067,33.255,9.994,5.3724184591475135,0.015,0.102,11.43
379,sw3343,A,595.941,38.308,92.777,77.177,42.908,12.134,5.433585432116896,0.016,0.081,14.08
380,sw2448,B,598.96,10.502,45.179,73.454,32.435,13.514,5.069877856566822,0.023,0.112,8.63
381,sw4158,B,453.568,18.937,45.856,78.704,36.361,16.906,6.402216125938198,0.012,0.093,10.36
382,sw3448,B,589.372,27.725,54.989,80.671,43.995,15.207,8.263165977791282,0.016,0.093,11.12
383,sw2278,B,594.264,42.491,73.142,81.842,42.723,17.772,10.827075038055826,0.017,0.113,9.59
384,sw4026,A,313.409,9.551,30.304,79.556,34.082,13.283,6.047590010252424,0.019,0.088,11.94
385,sw4362,A,388.057,23.003,48.846,73.655,31.467,18.543,6.79709003788873,0.016,0.071,15.4
386,sw4327,A,596.716,38.1,79.082,85.196,-22.975,138.977,8.527525048561836,0.02,0.11,7.99
387,sw3921,A,599.552,30.943,74.398,75.882,33.777,17.544,6.197342568850111,0.013,0.073,14.2
388,sw2669,B,592.236,17.517,47.963,84.137,42.728,11.873,6.092482856286647,0.013,0.107,10.6
389,sw4736,A,581.454,21.74,49.235,73.6,37.087,32.118,10.476808520602383,0.016,0.09,15.51
390,sw2226,A,596.32,45.424,86.354,87.929,46.922,14.334,7.177536208374159,0.013,0.075,15.5
391,sw3245,B,573.853,52.679,99.086,76.942,44.732,14.124,7.057917127256893,0.01,0.058,16.36
392,sw3082,A,598.358,34.047,82.273,81.374,48.977,12.267,10.773945424484944,0.025,0.143,9.3
393,sw2488,B,599.946,115.78,136.693,83.433,56.993,15.875,14.403556153875632,0.014,0.098,10.75
394,sw3383,A,594.646,32.706,59.331,82.092,45.13,16.53,9.332395404146988,0.018,0.085,14.21
395,sw4019,A,579.219,77.91,120.001,80.499,46.504,17.096,8.75302899105231,0.015,0.063,14.7
396,sw3202,B,575.662,29.438,58.899,74.546,44.212,15.353,12.025182874409937,0.017,0.102,9.31
397,sw3696,B,555.996,13.613,46.141,72.484,39.454,12.381,7.084225433409624,0.014,0.087,8.64
398,sw2608,A,599.731,45.047,85.634,67.013,39.45,8.701,11.194593241421801,0.022,0.144,6.5
399,sw3103,B,597.879,49.661,89.275,74.798,39.212,12.253,10.435411614082813,0.018,0.089,12.27
400,sw2160,A,597.311,45.657,69.834,82.558,46.679,21.939,9.990906186251136,0.018,0.087,11.4
401,sw3597,B,596.522,81.05,114.078,81.652,47.957,19.316,11.898469957785016,0.015,0.068,15.82
402,sw2125,A,598.579,34.206,83.703,82.276,45.508,10.133,7.218410122016247,0.012,0.092,12.99
403,sw3750,A,589.634,14.043,50.043,77.22,34.406,12.736,3.407974660706052,0.019,0.082,15.15
404,sw4691,A,592.2,39.471,76.462,87.171,48.254,17.753,6.483150509605784,0.017,0.133,7.51
405,sw3776,B,402.77,11.459,49.504,68.572,25.328,12.93,4.186735083500245,0.01,0.065,16.1
406,sw2038,A,599.706,28.29,59.3,80.931,-25.094,134.374,6.619595138493316,0.015,0.085,9.7
407,sw2477,B,586.421,25.739,55.399,81.57,40.661,15.528,9.589245239674641,0.014,0.085,10.24
408,sw3414,A,581.659,39.971,83.25,79.561,42.029,14.735,6.978628786508878,0.017,0.073,16.22
409,sw3080,A,587.544,12.589,40.112,82.024,39.441,20.118,6.475141129718346,0.013,0.068,11.36
410,sw4902,A,555.234,15.271,41.475,73.83,38.884,14.841,8.772047346949712,0.016,0.107,11.91
411,sw3825,B,587.471,20.347,46.605,73.056,38.584,14.254,6.5448622998505375,0.015,0.082,14.99
412,sw2005,A,561.691,23.98,50.946,81.406,39.0,23.787,10.1961420172227,0.016,0.087,13.45
413,sw2040,A,577.894,21.009,57.679,80.984,30.055,17.568,5.531516109060521,0.015,0.075,13.96
414,sw4181,A,556.255,31.539,65.465,80.472,-108.69,175.815,0.0,0.018,0.115,10.35
415,sw4325,A,484.714,45.943,91.754,81.617,33.771,21.231,7.459087224764035,0.011,0.055,18.4
416,sw2938,B,585.968,60.181,98.752,81.702,11.668,98.941,8.102533600699704,0.013,0.062,15.66
417,sw3118,A,550.861,63.043,108.161,77.632,-3.393,114.348,7.2145856986959735,0.011,0.05,21.44
418,sw3557,B,578.92,24.577,47.277,76.103,40.505,17.2,7.106493436806203,0.016,0.091,13.37
419,sw4709,A,593.532,51.48,88.612,86.201,45.367,16.013,8.916108435907539,0.016,0.084,13.92
420,sw2862,A,598.82,38.4,67.698,85.751,46.383,17.831,8.617246866874924,0.015,0.093,10.2
421,sw3862,A,374.951,21.053,58.982,80.279,38.25,12.23,7.1767936972515685,0.01,0.059,16.66
422,sw3064,A,598.848,48.696,90.401,81.524,45.815,13.994,9.824078129056918,0.014,0.08,11.78
423,sw2844,B,584.627,51.039,85.901,75.577,43.964,18.638,9.168491435388514,0.015,0.09,10.12
424,sw4688,A,599.321,23.039,48.601,83.726,38.118,18.345,7.782399957265243,0.015,0.092,13.56
425,sw3398,A,594.788,56.313,92.037,82.748,49.308,14.44,10.172277608180519,0.012,0.088,12.12
426,sw3343,B,599.184,75.569,122.33,82.155,49.504,14.793,9.435347676040825,0.013,0.079,13.29
427,sw4630,A,540.014,22.711,66.264,76.192,33.318,40.998,10.77498141089623,0.011,0.08,12.81
428,sw4675,A,595.346,35.944,76.122,74.768,39.166,15.186,8.523581909950863,0.014,0.073,12.92
429,sw4158,A,597.218,11.153,39.21,77.245,6.888,94.067,8.19644641791145,0.017,0.121,9.45
430,sw3448,A,599.707,39.603,81.807,82.231,44.608,14.953,7.875882239034195,0.016,0.075,13.83
431,sw2448,A,599.82,30.198,68.014,88.482,42.449,16.877,11.120591334303924,0.02,0.109,9.03
432,sw2278,A,592.84,52.116,75.928,77.163,46.255,11.791,8.12489614386554,0.015,0.096,13.01
433,sw4026,B,554.72,20.15,46.347,71.717,39.929,13.129,9.508620747421817,0.01,0.079,13.51
434,sw4327,B,599.806,35.703,69.776,82.942,39.214,21.424,7.49954942626945,0.019,0.091,13.9
435,sw4362,B,595.721,29.315,62.307,85.492,45.81,20.448,8.180062317875002,0.021,0.08,9.39
436,sw3921,B,593.92,28.032,49.772,72.86,43.042,20.047,9.24439708281994,0.016,0.091,12.78
437,sw2669,A,599.921,51.713,67.589,76.953,47.76,14.505,11.171496608162274,0.019,0.094,11.32
438,sw2226,B,599.221,47.995,97.829,80.91,43.665,25.495,7.736565454088975,0.014,0.081,12.98
439,sw3245,A,598.47,48.042,89.846,78.835,44.421,15.104,12.363916524302416,0.012,0.084,14.96
440,sw4736,B,595.823,11.879,55.851,70.953,5.235,89.697,4.877135000970075,0.026,0.143,12.77
441,sw3082,B,559.775,52.405,96.994,91.023,45.248,14.974,6.658784314982424,0.013,0.072,12.3
442,sw2488,A,598.954,35.099,84.958,81.973,40.72,13.181,6.559491102117798,0.018,0.099,12.11
443,sw3383,B,591.064,18.999,47.176,74.652,42.042,13.818,7.339295883160822,0.016,0.082,10.66
444,sw4330,A,590.671,17.949,57.407,73.369,31.02,14.482,6.108457506526982,0.011,0.074,15.46
445,sw4353,B,410.334,30.355,70.708,76.358,44.851,17.133,11.823429632659082,0.011,0.087,13.07
446,sw2599,A,567.933,23.109,46.503,80.911,43.461,14.217,12.257051444259186,0.016,0.096,12.49
447,sw4074,A,208.144,8.812,29.501,78.489,28.748,14.743,5.51860856054061,0.023,0.084,12.16
448,sw4483,B,552.085,14.378,45.479,70.559,30.342,14.728,11.751398016930604,0.013,0.075,17.05
449,sw4759,A,592.757,30.672,80.555,82.449,41.262,13.306,6.5219873590317095,0.012,0.075,13.68
450,sw4644,A,543.398,26.677,73.745,71.907,0.952,107.163,9.576980458009137,0.01,0.079,14.54
451,sw2073,B,599.412,34.024,54.117,76.504,42.167,14.323,7.0579745150924005,0.015,0.095,11.82
452,sw3830,B,597.391,48.21,77.403,81.677,49.125,15.616,8.740593345396999,0.017,0.085,14.03
453,sw3073,B,597.063,27.276,73.295,81.688,38.454,14.139,3.8488472879943267,0.013,0.079,11.2
454,sw3763,B,599.329,38.219,71.18,86.601,45.841,19.162,8.565898481712912,0.02,0.097,10.92
455,sw3745,A,598.435,15.208,39.347,75.064,38.345,12.917,6.159205108870457,0.015,0.098,11.68
456,sw2095,A,598.669,27.78,59.849,85.8,42.318,18.316,9.042291182886496,0.015,0.096,14.96
457,sw3427,B,202.738,17.13,39.075,74.206,-21.033,124.683,8.370120778933689,0.014,0.083,12.66
458,sw2427,B,598.636,42.016,65.417,80.605,48.123,13.856,11.16686020001317,0.015,0.086,10.36
459,sw4154,A,595.058,28.044,59.884,81.382,37.843,36.999,9.787720859285622,0.013,0.115,10.04
460,sw4917,A,596.279,36.566,90.523,82.017,43.184,12.567,6.20989443179466,0.013,0.082,14.06
461,sw4049,A,541.665,26.061,61.442,80.397,-185.618,165.493,4.990079961522275,0.011,0.08,15.76
462,sw4707,B,592.903,16.771,45.137,81.032,40.578,14.249,5.790343406501508,0.021,0.108,7.88
463,sw4721,A,556.188,34.374,78.143,85.423,44.485,12.872,10.034766648133386,0.013,0.083,13.47
464,sw4799,A,579.601,24.549,69.351,78.344,41.316,11.93,6.794596439109577,0.011,0.083,13.51
465,sw4443,B,599.882,32.5,73.41,79.325,45.86,17.085,10.63120042164535,0.024,0.113,7.63
466,sw2130,A,576.582,10.901,35.71,88.023,38.683,11.333,4.73746212508714,0.017,0.109,9.36
467,sw4618,A,598.192,14.249,39.393,75.784,15.899,65.682,10.98717046862962,0.017,0.076,11.71
468,sw2308,A,589.703,55.855,101.096,74.533,42.148,17.43,10.546430259732476,0.011,0.064,16.52
469,sw2446,B,599.209,41.335,62.28,70.951,40.325,12.516,9.44921984586902,0.025,0.107,12.14
470,sw4519,A,599.529,28.868,63.671,74.573,40.336,37.406,8.740311762306318,0.016,0.084,14.63
471,sw3971,B,598.59,43.688,67.044,81.573,52.317,11.7,13.813264752566758,0.016,0.098,10.56
472,sw2934,B,301.674,11.629,39.901,88.119,38.552,12.074,7.037612418365351,0.009,0.065,13.17
473,sw3151,A,598.522,47.199,83.324,76.898,37.516,17.855,8.606789800842888,0.016,0.076,12.89
474,sw4090,A,546.851,41.482,89.701,79.212,21.982,78.204,7.273860339201115,0.015,0.075,14.13
475,sw3639,A,597.146,14.355,41.761,72.28,42.608,12.969,6.504511625725979,0.019,0.101,8.89
476,sw4723,B,567.235,14.114,44.863,81.056,36.436,14.408,5.938298000683642,0.017,0.109,10.2
477,sw3681,A,459.716,15.464,44.173,74.967,40.196,12.786,8.834075627165952,0.013,0.087,11.46
478,sw4028,A,591.075,15.526,42.511,82.399,36.772,15.669,5.810953009698327,0.018,0.11,11.76
479,sw4856,A,592.737,14.095,53.612,77.483,35.615,11.807,4.8806977565448,0.011,0.08,14.18
480,sw4050,A,563.471,46.357,94.244,78.913,37.737,17.301,5.624157382503069,0.014,0.063,14.75
481,sw4033,B,586.96,44.56,90.329,78.25,41.592,14.395,9.777274948619935,0.009,0.075,15.07
482,sw2191,A,529.757,55.633,96.937,84.426,43.827,29.094,7.232867164363141,0.014,0.059,16.58
483,sw2851,B,540.627,18.024,42.525,85.549,39.343,16.741,9.743689639190244,0.016,0.112,10.65
484,sw3012,B,567.852,63.15,95.425,74.849,41.108,13.248,4.302273034253097,0.011,0.061,14.52
485,sw2832,A,583.4,52.591,89.262,75.85,45.208,9.038,7.543865451983739,0.014,0.104,13.36
486,sw2071,A,570.313,29.654,74.168,86.218,41.387,12.641,7.170577968050543,0.017,0.077,15.92
487,sw4660,A,556.727,36.577,78.748,89.587,36.345,18.18,7.924748412703734,0.014,0.074,12.13
488,sw3313,B,595.193,23.012,65.218,78.424,41.328,12.844,8.037766445759315,0.011,0.066,17.23
489,sw4603,B,599.102,13.634,48.107,75.776,4.197,91.749,9.539902961351848,0.016,0.141,10.31
490,sw4646,B,599.675,21.13,61.528,74.738,32.931,14.537,7.388268813374816,0.013,0.079,13.81
491,sw4928,B,593.467,15.309,45.333,78.353,34.592,14.302,4.871399073832769,0.016,0.091,13.93
492,sw4108,A,526.607,30.294,72.543,76.75,35.665,16.346,6.885547055707898,0.011,0.062,15.4
493,sw4353,A,570.692,13.853,37.535,78.458,33.574,15.72,6.308957915697304,0.013,0.104,11.37
494,sw4330,B,544.193,39.77,65.044,78.371,43.862,15.969,11.482837194161922,0.016,0.079,15.64
495,sw2599,B,596.338,23.136,54.907,92.331,44.925,12.804,6.935494493686024,0.014,0.092,12.53
496,sw4483,A,598.656,31.517,55.624,81.573,44.504,18.139,6.961553695262518,0.021,0.104,10.11
497,sw4074,B,574.14,20.247,45.664,76.288,40.413,14.625,8.843838111885772,0.017,0.094,11.63
498,sw4759,B,590.253,57.553,97.209,80.384,44.855,16.515,9.86358232413807,0.014,0.082,15.43
499,sw4644,B,578.983,38.684,79.479,79.342,31.099,45.611,6.61657958293471,0.011,0.061,17.67
500,sw3830,A,598.963,33.565,70.589,82.931,46.046,16.067,7.184781084528015,0.023,0.101,10.51
501,sw3073,A,599.497,68.039,88.121,85.451,53.134,11.252,14.083584799494812,0.017,0.086,12.68
502,sw2073,A,599.83,24.57,58.309,82.15,16.38,92.655,8.565325784052922,0.027,0.105,10.55
503,sw3745,B,588.04,39.628,83.618,81.821,43.497,14.083,9.809351581841355,0.012,0.08,13.8
504,sw3763,A,592.56,22.168,59.25,71.107,41.167,12.948,4.661348978320709,0.01,0.075,14.0
505,sw2427,A,599.048,31.332,66.098,78.412,42.888,13.285,10.37827780607375,0.019,0.103,8.12
506,sw4154,B,544.187,8.571,33.798,69.872,37.965,11.378,5.46921517598496,0.014,0.091,11.1
507,sw4917,B,598.178,25.56,55.056,78.986,35.294,47.049,10.049345290162325,0.016,0.117,11.11
508,sw2095,B,444.743,17.987,50.342,88.189,39.945,15.349,6.4034902540285685,0.013,0.076,6.49
509,sw3427,A,595.554,25.783,48.309,75.234,45.456,12.294,8.73520407821491,0.014,0.093,12.64
510,sw4049,B,598.861,38.033,74.935,81.075,52.078,14.998,12.438459020554854,0.022,0.115,7.1
511,sw4721,B,566.228,25.691,56.394,77.184,42.653,15.076,6.2265124161815635,0.014,0.082,10.25
512,sw4707,A,594.04,25.399,58.28,82.933,44.533,15.363,10.69758417908251,0.019,0.11,10.79
513,sw4799,B,541.207,24.121,51.762,74.158,40.895,14.531,8.985862154332015,0.014,0.09,12.55
514,sw4443,A,579.867,23.008,59.216,72.873,37.348,14.042,10.267598022536676,0.012,0.082,15.3
515,sw2130,B,596.424,34.583,63.129,80.531,20.123,82.539,9.55296792721267,0.013,0.077,11.16
516,sw2308,B,597.15,11.218,36.914,74.912,-19.435,120.421,5.058491407722064,0.014,0.084,10.85
517,sw4618,B,395.045,20.524,63.082,71.476,38.27,13.054,4.783438850366798,0.01,0.064,16.47
518,sw2446,A,588.524,20.741,59.399,83.342,31.615,15.566,4.889654517984092,0.021,0.1,11.57
519,sw4519,B,599.806,14.073,47.776,80.962,40.949,12.185,4.86167303075493,0.016,0.103,14.35
520,sw3151,B,598.623,44.566,74.227,79.08,44.19,12.439,8.46223131581581,0.016,0.092,13.22
521,sw4090,B,196.007,18.194,43.456,77.334,34.654,17.115,6.396038409735112,0.018,0.105,9.77
522,sw2934,A,596.466,40.327,85.995,82.492,23.989,56.183,7.954292575735395,0.008,0.057,18.59
523,sw3971,A,596.19,37.036,86.491,82.746,32.562,19.447,5.123465471861125,0.014,0.076,14.03
524,sw3639,B,597.517,25.887,50.098,79.219,46.819,14.7,9.736671110188169,0.019,0.088,10.57
525,sw3681,B,592.537,41.841,83.705,81.422,42.631,16.161,6.049639091619314,0.02,0.066,14.98
526,sw4723,A,591.237,44.877,89.227,81.873,46.247,12.51,11.062258295855926,0.012,0.084,14.97
527,sw4028,B,580.019,31.311,66.134,74.033,43.808,12.164,10.174194542932018,0.012,0.081,13.7
528,sw4033,A,597.889,17.949,48.712,78.484,40.057,15.33,9.40573180610134,0.017,0.126,8.66
529,sw2191,B,575.691,35.303,71.846,83.753,42.878,27.201,6.3438949240718765,0.014,0.066,14.55
530,sw4050,B,594.272,17.842,43.206,75.499,-9.52,116.099,8.914138534700749,0.014,0.081,12.44
531,sw4856,B,597.938,19.986,47.202,72.833,24.98,61.005,9.931303762634844,0.019,0.086,11.59
532,sw3012,A,572.523,78.433,99.495,80.381,48.049,16.523,10.149806925770227,0.013,0.061,13.61
533,sw2832,B,599.909,47.441,88.776,83.427,42.409,16.605,9.894550598347733,0.013,0.074,11.83
534,sw2071,B,582.489,30.383,69.42,81.61,39.667,16.265,6.787062452741518,0.016,0.084,10.92
535,sw2851,A,598.035,29.413,69.657,81.464,-20.931,127.153,8.103407317717243,0.014,0.084,13.32
536,sw4646,A,598.09,19.023,58.711,75.682,37.057,14.355,7.4252269565977,0.02,0.113,12.54
537,sw3313,A,588.929,28.697,62.525,80.472,41.922,15.052,6.670776570865693,0.02,0.082,14.08
538,sw4603,A,596.158,20.069,64.461,76.746,32.828,15.771,5.163125313702526,0.021,0.135,15.44
539,sw4660,B,594.746,13.954,46.265,86.936,33.432,15.698,6.992819453849403,0.022,0.106,10.42
540,sw4108,B,388.613,16.238,52.067,67.752,39.98,11.19,8.239861082244408,0.009,0.067,14.81
541,sw4928,A,589.168,14.109,41.649,70.652,38.836,15.304,11.136058376601246,0.011,0.09,14.99
542,sw2237,A,597.808,27.204,67.796,87.326,1.186,103.883,7.8698478962138845,0.014,0.091,11.77
543,sw3988,A,529.452,14.638,40.983,73.966,40.735,12.142,5.902738363125247,0.012,0.101,11.11
544,sw2155,B,599.537,46.122,91.566,80.392,45.311,13.786,12.54816170762883,0.012,0.08,12.87
545,sw2110,B,597.809,34.456,66.16,85.322,50.247,17.196,9.134815367460563,0.023,0.092,10.96
546,sw3743,A,573.634,21.673,59.617,79.845,37.753,14.043,5.062890327622564,0.018,0.084,13.88
547,sw4659,B,266.154,8.457,29.771,71.711,19.566,58.083,8.310119775279398,0.017,0.08,10.24
548,sw4174,B,589.515,15.695,42.538,73.234,11.653,90.812,9.1448095668777,0.013,0.077,13.16
549,sw3464,B,593.096,7.383,36.507,73.452,36.184,12.296,10.379741746128538,0.017,0.139,10.22
550,sw4152,A,593.788,32.422,60.716,86.795,43.897,48.586,10.79793675111893,0.022,0.089,10.69
551,sw4642,A,581.222,13.006,39.667,76.686,32.79,14.86,4.3352311119734,0.017,0.094,12.75
552,sw3855,A,587.687,33.011,72.216,75.427,37.201,16.003,7.589378212368916,0.013,0.078,13.26
553,sw2053,A,502.337,22.265,65.82,86.183,35.832,15.37,6.706990038962453,0.012,0.064,16.62
554,sw4565,B,562.703,9.523,35.472,74.679,37.314,10.59,4.400008054934654,0.016,0.079,15.78
555,sw2168,B,599.691,37.42,71.359,84.576,44.849,15.405,8.662757597300883,0.017,0.098,13.95
556,sw3294,B,598.937,37.708,84.787,76.437,43.721,13.007,8.770696500425146,0.011,0.077,15.5
557,sw4784,B,440.251,14.646,50.917,70.307,27.416,15.197,6.247943651001484,0.009,0.063,14.52
558,sw3269,B,593.045,42.66,88.417,78.685,41.65,20.152,6.673933541531527,0.013,0.065,14.51
559,sw4037,A,589.996,22.731,53.432,74.659,43.479,13.841,7.4970045450590055,0.013,0.095,10.29
560,sw4831,A,597.527,14.836,42.261,69.283,36.877,14.682,9.50747610643045,0.015,0.077,14.93
561,sw4072,A,599.301,44.823,88.212,80.816,45.352,14.046,7.994907786953537,0.011,0.084,14.44
562,sw3195,B,597.464,32.332,79.299,79.338,43.71,13.49,4.8043215523400615,0.012,0.065,13.73
563,sw3993,B,548.52,32.832,80.831,73.516,29.709,49.54,8.022782967528261,0.013,0.073,13.31
564,sw2051,B,599.505,80.113,102.63,68.799,38.002,16.146,10.814432839516963,0.015,0.087,14.54
565,sw3051,B,598.699,81.793,112.796,80.257,51.602,11.634,12.187017555531087,0.016,0.083,12.17
566,sw2871,A,598.249,43.309,76.102,81.651,44.537,14.54,9.531045256174576,0.014,0.078,9.07
567,sw2032,A,595.608,42.644,68.668,83.129,15.738,102.118,11.22548888313528,0.017,0.105,8.89
568,sw4908,A,564.485,17.783,47.93,73.522,31.41,17.577,7.4639836882040305,0.015,0.086,15.41
569,sw4666,A,592.261,20.496,54.243,79.983,37.002,18.635,5.713593507096566,0.021,0.09,9.95
570,sw4605,B,596.933,52.153,88.382,87.171,43.478,17.195,5.862167572204746,0.018,0.08,13.71
571,sw3781,B,582.524,25.915,72.397,87.661,42.468,11.707,8.818249760772234,0.011,0.074,13.59
572,sw4013,A,557.103,53.52,100.363,78.833,40.01,17.56,7.99630939566354,0.014,0.064,14.47
573,sw4876,B,557.755,8.189,34.108,68.932,31.126,12.797,11.909605725682193,0.016,0.077,15.95
574,sw4312,A,599.217,19.951,65.935,85.361,29.517,18.936,4.193348067921555,0.025,0.112,11.8
575,sw4334,B,599.928,40.937,76.56,78.111,50.151,12.737,11.144190268942454,0.019,0.108,13.8
576,sw2296,A,597.68,33.357,76.382,88.06,15.696,82.896,7.534996299950666,0.014,0.082,14.93
577,sw2109,B,599.481,42.197,78.666,81.499,45.905,16.417,9.982372443917333,0.017,0.102,11.32
578,sw3134,B,598.504,75.2,97.172,70.963,40.278,14.81,8.645470516750182,0.018,0.086,10.47
579,sw2157,A,505.41,15.139,56.377,82.986,37.244,13.457,11.176073545843238,0.009,0.061,4.01
580,sw2932,B,598.9,9.184,49.906,81.254,34.821,14.734,4.411566105967618,0.028,0.158,5.23
581,sw4890,A,589.121,41.476,66.452,74.023,43.427,16.535,11.719508845733884,0.015,0.084,14.75
582,sw4096,A,483.781,18.105,62.359,76.697,36.567,11.048,10.023264701346939,0.013,0.082,12.97
583,sw4725,B,588.547,30.415,75.66,78.653,46.635,11.16,4.232545358275079,0.014,0.096,10.84
584,sw4703,A,577.354,37.707,80.818,71.88,24.091,72.63,10.98028972694943,0.009,0.077,14.91
585,sw2466,A,598.895,6.581,29.023,85.31,34.386,13.789,5.577099594585888,0.015,0.089,10.12
586,sw3405,B,598.371,35.803,56.381,77.255,43.941,19.971,11.197953292747451,0.017,0.086,9.58
587,sw4150,B,576.055,31.714,72.462,82.802,27.831,73.947,13.012626245657417,0.012,0.091,13.05
588,sw4133,A,599.593,39.201,67.936,81.858,-41.168,155.551,12.758572165673812,0.017,0.117,10.57
589,sw2237,B,593.568,23.993,74.609,76.306,47.847,10.174,9.752419379001088,0.029,0.15,9.54
590,sw3988,B,597.006,64.193,107.824,83.954,48.617,15.984,10.483370169803887,0.013,0.081,13.76
591,sw2110,A,597.721,34.142,84.198,86.569,46.821,13.119,7.750864867028886,0.016,0.114,9.36
592,sw2155,A,597.904,50.798,97.423,82.699,34.925,19.203,6.7793703693067,0.012,0.057,16.46
593,sw3743,B,571.273,25.944,70.838,75.445,41.101,12.617,11.095915328801548,0.011,0.065,13.22
594,sw4659,A,501.427,16.325,57.286,76.041,38.908,11.288,7.424998496963867,0.011,0.073,16.57
595,sw4152,B,599.209,33.953,74.974,76.927,44.336,13.396,4.288399911689736,0.014,0.065,16.54
596,sw4174,A,599.198,12.235,40.687,81.051,33.667,14.515,5.0212708940474995,0.014,0.104,9.93
597,sw3464,A,593.704,19.985,50.973,73.193,36.644,16.253,7.69601897703591,0.015,0.095,9.53
598,sw4642,B,599.02,58.882,103.134,80.419,48.657,11.741,9.647227258434633,0.011,0.078,14.27
599,sw4565,A,592.822,23.28,47.314,77.247,24.341,68.659,9.454479550534646,0.018,0.076,15.64
600,sw2053,B,537.371,19.546,65.057,88.067,38.907,12.903,8.341208817686777,0.011,0.068,8.53
601,sw3855,B,574.365,19.279,63.893,73.261,32.472,15.676,9.811719256501602,0.01,0.071,16.12
602,sw2168,A,588.967,34.487,84.684,86.153,44.21,13.974,9.177525308371264,0.015,0.11,10.59
603,sw3294,A,577.334,18.232,45.406,80.576,36.55,18.865,8.994985304061972,0.02,0.119,6.96
604,sw4784,A,598.062,15.053,51.437,74.898,39.637,13.74,9.71939649094535,0.021,0.127,9.77
605,sw3269,A,592.21,61.015,101.723,74.831,48.544,12.075,11.739569471100797,0.013,0.073,13.13
606,sw3993,A,207.168,5.527,24.334,80.002,29.737,13.905,6.353456507368407,0.015,0.082,7.11
607,sw3195,A,592.224,54.76,82.28,80.095,-35.464,154.609,10.870653908560975,0.014,0.097,11.6
608,sw4831,B,587.677,31.223,73.971,73.797,42.195,9.872,6.979919411235805,0.012,0.075,15.88
609,sw4072,B,582.349,25.964,58.369,76.696,-20.369,126.03,8.698086420987384,0.013,0.095,10.69
610,sw4037,B,599.974,29.23,68.802,78.827,43.953,16.898,9.605537073356851,0.023,0.119,7.3
611,sw3051,A,593.783,52.011,94.33,76.212,41.936,14.318,5.336406154583946,0.015,0.064,11.77
612,sw2871,B,581.642,18.177,46.913,82.369,36.543,14.974,6.549470455658586,0.017,0.108,11.41
613,sw2032,B,591.927,40.298,87.929,85.981,44.346,14.241,6.309129488930751,0.014,0.083,11.77
614,sw2051,A,597.558,31.691,86.629,79.274,38.554,10.888,3.1281279718984565,0.014,0.062,16.61
615,sw4908,B,594.862,25.429,65.326,81.1,26.542,76.104,7.437243039074773,0.023,0.113,8.22
616,sw3781,A,378.192,33.435,71.917,82.894,41.863,15.502,7.393360294477156,0.021,0.083,13.15
617,sw4605,A,597.573,15.568,47.466,88.762,-37.438,134.434,9.994629543092685,0.023,0.102,12.87
618,sw4666,B,528.927,39.843,70.681,76.56,38.556,18.628,11.114251680765582,0.014,0.082,14.93
619,sw4876,A,580.817,39.577,86.432,78.509,44.708,11.028,5.65297723467693,0.012,0.085,13.29
620,sw4013,B,597.605,24.229,55.095,84.726,44.315,14.89,7.745588992371414,0.015,0.117,10.73
621,sw4334,A,598.866,25.262,68.484,82.469,34.887,40.348,7.6030145051365405,0.019,0.131,8.38
622,sw2296,B,597.848,32.101,63.821,81.451,4.272,107.525,6.9954057720769605,0.015,0.085,8.23
623,sw4312,B,597.278,32.433,59.489,81.913,41.928,25.242,8.373341524161832,0.014,0.09,13.0
624,sw2109,A,585.785,35.496,88.778,89.637,-51.677,150.67,5.8023555242486236,0.013,0.086,13.98
625,sw4096,B,595.667,14.254,43.206,70.175,37.88,13.527,4.2674300885667735,0.016,0.082,14.5
626,sw2932,A,599.592,19.38,54.39,80.272,39.663,11.442,8.501351313049465,0.014,0.106,10.08
627,sw4890,B,453.097,5.935,33.21,67.015,20.744,51.746,5.345623354613112,0.008,0.062,16.41
628,sw3134,A,599.211,38.815,77.885,79.814,38.363,16.377,7.972376395569838,0.019,0.087,11.95
629,sw2157,B,490.8,6.233,28.773,77.623,31.432,12.084,3.818297012151701,0.017,0.114,12.48
630,sw4703,B,599.084,10.593,39.123,76.088,-200.17,156.764,4.554191530543221,0.017,0.101,10.71
631,sw4725,A,591.568,49.014,68.637,80.262,49.208,19.685,12.174851374990785,0.014,0.105,10.25
632,sw4133,B,596.347,13.915,50.981,77.339,-176.123,166.547,5.6823892838715295,0.019,0.124,8.38
633,sw4150,A,237.901,5.595,23.796,81.589,29.129,14.34,4.720562838922972,0.025,0.102,6.66
634,sw2466,B,426.186,23.618,69.435,82.773,37.418,15.255,7.833669193642148,0.009,0.058,16.12
635,sw3405,A,213.343,6.119,26.157,65.146,-66.868,149.624,4.386758018390897,0.01,0.067,16.57
636,sw4868,A,541.519,14.545,42.527,72.75,36.32,14.607,9.706552342810296,0.015,0.083,15.5
637,sw4048,B,599.94,39.411,63.646,80.804,45.632,16.835,11.375991355447203,0.016,0.094,11.75
638,sw2253,A,597.058,53.601,85.046,77.773,45.496,13.062,7.869354935035784,0.017,0.088,11.73
639,sw4720,B,526.61,25.163,61.774,79.578,33.217,17.537,6.123089455866348,0.021,0.072,14.25
640,sw3253,A,598.583,59.101,97.377,87.062,45.485,19.826,8.260476334036781,0.016,0.091,11.94
641,sw3911,A,597.102,52.308,88.683,79.965,40.942,19.947,9.402296856336374,0.014,0.078,13.78
642,sw2849,A,598.199,63.639,97.918,86.795,47.047,16.254,9.93795857686167,0.013,0.072,16.05
643,sw3445,B,595.744,22.915,55.672,83.233,-2.184,105.632,6.207127321398694,0.017,0.101,11.86
644,sw4155,B,595.983,23.089,49.117,81.991,42.038,16.876,10.08165808106859,0.015,0.139,9.68
645,sw2445,B,595.975,48.271,97.379,87.002,45.392,15.822,5.607695635996709,0.015,0.074,14.79
646,sw2094,B,598.304,25.482,55.393,82.932,-55.726,153.964,5.500617765194517,0.014,0.08,11.12
647,sw4626,A,599.929,26.351,59.346,76.02,-55.938,158.688,10.90511814433127,0.019,0.112,8.43
648,sw3784,B,598.681,47.219,79.917,75.829,45.852,17.522,10.847145365098225,0.013,0.072,12.45
649,sw3310,B,576.874,15.754,41.455,77.756,-60.652,159.354,8.585144113762379,0.015,0.097,13.11
650,sw3072,A,586.196,17.718,46.763,79.738,36.72,24.183,11.087213433947655,0.011,0.064,14.42
651,sw2072,A,599.998,23.0,63.19,88.865,40.088,16.922,9.469859869264015,0.026,0.102,10.12
652,sw2642,A,598.888,67.289,107.775,70.548,41.497,7.783,9.434410586949399,0.017,0.137,8.38
653,sw2969,A,594.393,45.229,85.674,76.58,46.364,9.216,8.125431731272656,0.015,0.103,13.64
654,sw2149,B,599.852,59.017,108.42,80.851,43.435,23.625,8.35946689750487,0.014,0.079,12.57
655,sw2565,B,538.125,18.392,43.86,80.38,42.17,14.986,6.252001075221396,0.016,0.089,13.01
656,sw2994,A,464.551,40.944,91.736,86.726,41.604,23.604,11.784179592413524,0.009,0.07,17.88
657,sw4758,B,590.464,26.891,58.748,78.556,42.322,15.065,9.58553891955757,0.016,0.108,11.59
658,sw3699,B,582.028,6.807,32.381,72.16,33.912,12.443,8.840687208066877,0.016,0.124,10.52
659,sw2248,B,599.598,29.199,74.373,90.413,44.918,10.036,9.138672985843044,0.012,0.09,10.35
660,sw3815,A,599.914,35.353,76.021,80.746,39.343,18.191,7.119994119573135,0.014,0.092,9.99
661,sw2035,B,592.391,57.439,105.917,81.295,43.493,21.521,11.876091670936821,0.01,0.068,15.11
662,sw2876,B,599.318,53.859,98.909,90.33,38.024,20.276,8.72415038219796,0.012,0.078,16.01
663,sw3876,B,582.457,45.418,82.201,77.954,46.211,14.223,5.570032355088725,0.011,0.077,15.44
664,sw4077,A,592.613,35.605,60.019,85.484,12.917,108.662,12.531947122923855,0.017,0.099,8.1
665,sw4834,A,545.742,27.243,61.949,76.944,42.544,13.406,6.454558177661964,0.013,0.088,12.6
666,sw4032,A,559.352,48.154,90.828,76.854,39.896,28.813,8.65897721884204,0.014,0.072,14.1
667,sw3504,B,574.966,12.558,38.262,71.763,37.009,13.191,10.064398777560069,0.012,0.087,10.81
668,sw3190,B,574.02,54.711,100.869,81.116,47.93,11.125,8.165808106858876,0.01,0.072,13.72
669,sw4051,B,431.982,36.936,51.934,77.944,46.417,15.486,12.072568959876069,0.017,0.086,14.17
670,sw3541,B,591.367,12.04,40.058,83.34,41.266,11.239,3.9233509561079294,0.02,0.102,8.94
671,sw4812,B,575.441,7.698,28.957,74.278,29.866,13.624,3.4163758281361996,0.023,0.103,11.08
672,sw3908,A,596.658,31.104,65.266,75.4,-14.007,124.097,9.044410761146093,0.017,0.099,9.99
673,sw4376,A,596.245,25.359,64.152,81.146,49.38,12.669,9.481546631485665,0.027,0.127,8.66
674,sw4333,A,532.972,22.97,46.362,81.929,36.621,19.551,7.926760074494857,0.021,0.094,14.46
675,sw3956,B,598.044,15.208,46.03,76.188,40.738,12.477,7.889269658042579,0.014,0.099,10.09
676,sw3115,B,591.281,34.602,72.644,86.487,47.463,15.101,7.251832150789659,0.017,0.094,10.21
677,sw2956,B,599.445,49.873,98.134,77.339,39.529,15.247,6.545524044840285,0.016,0.071,13.53
678,sw3309,B,330.861,26.81,49.586,78.117,44.889,14.22,9.275922741899874,0.019,0.093,13.22
679,sw4619,B,524.169,15.611,37.966,81.058,-5.08,105.075,6.286742330508758,0.017,0.12,10.35
680,sw4171,B,593.24,7.465,38.959,72.513,8.832,81.513,6.782666889744018,0.023,0.107,12.19
681,sw2424,B,597.7,27.826,56.071,86.688,44.437,14.626,8.551023073730391,0.016,0.107,10.13
682,sw2008,B,598.652,43.765,87.382,88.24,40.527,16.861,8.227477280943418,0.014,0.082,15.58
683,sw3828,A,598.781,23.203,57.588,78.673,43.721,14.017,9.3355244260072,0.018,0.113,10.89
684,sw2828,A,586.433,52.896,97.362,87.818,-2.529,113.099,9.519331014228444,0.01,0.063,16.63
685,sw3760,B,587.157,12.202,42.576,79.019,38.673,11.846,7.4909753336949905,0.018,0.119,11.36
686,sw2703,A,596.368,29.905,58.153,88.81,40.446,20.084,9.898139269734171,0.016,0.093,12.53
687,sw3703,A,358.59,21.656,54.988,79.035,40.106,14.429,9.559782063709596,0.014,0.089,12.48
688,sw3746,A,592.297,27.616,60.975,75.95,43.49,13.987,7.695244218520826,0.012,0.08,12.46
689,sw4048,A,351.035,11.295,33.449,78.698,-30.716,130.709,5.3494840616057795,0.018,0.084,12.52
690,sw4868,B,598.948,17.362,55.878,73.73,36.812,13.147,7.452105606214343,0.017,0.092,12.5
691,sw3253,B,547.713,27.964,76.645,71.381,33.052,15.797,5.172009513281748,0.011,0.064,17.55
692,sw2253,B,599.57,49.907,96.179,82.012,47.457,12.711,10.05732978846863,0.014,0.092,11.83
693,sw4720,A,589.842,16.325,47.859,80.461,43.443,12.487,9.899105908747938,0.019,0.125,10.15
694,sw3911,B,537.707,37.665,77.758,76.655,45.828,13.486,7.250245233789546,0.011,0.072,12.72
695,sw2849,B,597.84,44.145,91.505,84.609,42.514,14.464,7.730391603821826,0.01,0.065,14.91
696,sw2445,A,593.037,79.764,117.9,77.661,41.075,17.458,9.63848788194847,0.015,0.07,14.04
697,sw2094,A,599.397,44.318,75.541,87.779,45.034,23.167,10.132716935884636,0.018,0.089,9.74
698,sw3445,A,590.673,35.637,72.964,74.981,43.164,13.584,7.669399364229546,0.01,0.075,14.33
699,sw4155,A,597.708,14.402,55.055,75.607,9.35,85.635,4.421192248176258,0.011,0.093,11.95
700,sw3310,A,440.53,42.207,81.887,79.308,42.971,14.709,7.348159272693141,0.015,0.067,17.41
701,sw3784,A,579.235,18.076,53.736,82.091,38.96,14.512,3.56453884613074,0.022,0.098,13.87
702,sw4626,B,597.755,15.126,44.287,82.91,40.034,14.102,5.629092750128237,0.016,0.122,8.83
703,sw2072,B,562.595,30.592,71.926,87.183,11.587,88.583,9.04759272597081,0.012,0.07,14.76
704,sw3072,B,560.73,2.61,25.263,83.032,30.647,14.371,5.778295949644288,0.012,0.08,8.51
705,sw2642,B,597.773,59.172,107.509,85.227,41.856,17.351,7.626898908573091,0.012,0.067,14.3
706,sw2149,A,597.221,27.226,63.747,84.923,38.773,18.43,9.922239030791328,0.017,0.111,12.95
707,sw2969,B,599.767,43.404,83.505,79.744,42.416,12.591,8.600456970947056,0.016,0.084,13.18
708,sw2994,B,517.201,39.154,83.595,81.573,42.812,14.547,5.793859577317091,0.02,0.083,14.52
709,sw2565,A,585.559,35.836,61.707,86.141,47.128,20.603,10.058456721673704,0.017,0.094,9.96
710,sw2248,A,595.095,67.042,115.82,87.157,47.64,12.472,8.316785000930743,0.011,0.055,19.04
711,sw4758,A,599.951,36.877,80.165,82.881,38.95,16.099,6.311369810892536,0.014,0.076,14.27
712,sw3699,A,424.408,5.929,34.241,66.855,30.291,13.723,9.044497457383612,0.013,0.061,13.38
713,sw3876,A,596.982,60.963,82.1,83.689,52.031,14.223,13.943502522089213,0.016,0.083,14.38
714,sw3815,B,564.088,25.911,56.941,78.67,46.327,10.983,6.45510494557264,0.016,0.084,13.28
715,sw2035,A,592.961,38.362,88.517,72.771,38.608,12.047,5.8908797633707435,0.013,0.085,12.92
716,sw2876,A,598.913,51.765,94.473,81.097,44.858,21.687,8.592569019015038,0.015,0.073,13.31
717,sw3190,A,573.362,75.557,105.674,80.78,48.961,15.871,10.178790335005795,0.011,0.067,14.28
718,sw4051,A,551.514,5.571,33.194,68.342,27.201,10.861,1.5825214842315423,0.011,0.069,14.62
719,sw3541,A,596.45,17.631,45.27,77.896,40.628,13.989,11.375712652973927,0.014,0.089,11.78
720,sw4812,A,543.55,15.106,45.252,74.105,38.348,12.904,11.980761114944299,0.01,0.101,10.4
721,sw3504,A,493.023,19.619,47.858,75.054,36.105,15.26,7.794057657970937,0.009,0.062,17.87
722,sw4032,B,592.778,16.911,43.538,75.918,31.778,36.557,6.755538339266274,0.013,0.098,11.55
723,sw4077,B,589.312,49.184,87.149,82.903,47.2,16.693,7.063400441754473,0.013,0.068,17.16
724,sw4834,B,588.774,40.015,71.762,81.857,-40.775,151.336,8.030709968077094,0.01,0.085,12.29
725,sw3908,B,587.022,26.583,56.893,86.492,46.954,14.711,10.540127269449323,0.018,0.129,9.76
726,sw4333,B,597.091,21.697,60.006,82.683,39.017,19.045,8.223804978339086,0.024,0.129,8.52
727,sw4376,B,595.233,23.71,63.347,74.646,41.743,12.648,5.247166530073761,0.014,0.081,13.65
728,sw2956,A,597.624,37.87,71.288,81.959,43.731,20.281,12.112464784731145,0.018,0.103,7.43
729,sw3956,A,592.963,45.872,83.893,77.352,38.584,19.059,9.021556878227353,0.014,0.081,13.78
730,sw3115,A,599.256,61.516,86.243,83.688,50.025,13.433,11.609165745845036,0.015,0.077,14.02
731,sw3309,A,594.849,23.241,59.903,74.874,40.317,13.977,5.7736179778287715,0.015,0.076,10.71
732,sw4619,A,597.602,27.566,57.548,72.727,-81.751,168.325,10.985079019000677,0.015,0.081,13.21
733,sw2424,A,544.97,24.089,66.891,88.835,39.238,13.499,5.266361115735662,0.018,0.079,11.06
734,sw4171,A,529.828,17.726,44.001,74.163,32.889,37.966,9.399364229546595,0.01,0.072,16.53
735,sw2828,B,511.764,23.864,51.531,81.195,39.475,17.122,6.306795257122091,0.015,0.077,16.56
736,sw2008,A,599.626,57.014,95.43,75.715,41.558,13.626,7.067017675477018,0.012,0.084,13.6
737,sw3828,B,597.319,22.182,46.849,76.544,-1.039,108.158,6.349492641803109,0.014,0.088,14.45
738,sw3746,B,588.685,52.532,100.636,76.573,44.98,14.298,9.185402476676513,0.011,0.071,14.24
739,sw3703,B,589.292,48.065,101.244,83.466,41.535,15.125,7.350335929404686,0.012,0.075,14.67
740,sw3760,A,598.828,43.101,94.049,83.339,43.911,13.363,7.906210443832754,0.013,0.084,12.98
741,sw2703,B,599.951,61.533,80.514,76.717,42.541,13.847,9.709936386092918,0.015,0.086,13.37
742,sw2295,A,596.327,54.765,103.691,89.617,46.763,12.14,7.269055596076786,0.01,0.06,18.02
743,sw4372,B,589.852,22.588,53.705,82.209,39.866,17.113,8.282350418473126,0.018,0.111,9.69
744,sw3268,A,589.279,27.441,73.852,82.146,40.933,13.109,5.410032299698402,0.014,0.09,10.87
745,sw2526,B,593.518,26.288,59.063,85.57,41.971,16.299,8.777777403371967,0.02,0.11,10.82
746,sw4036,B,553.832,19.545,46.434,79.606,38.268,16.566,7.055650862097738,0.018,0.091,12.84
747,sw4830,B,593.846,38.456,76.357,74.092,-6.067,115.738,6.510373082870856,0.014,0.074,14.35
748,sw4148,A,539.318,18.077,45.753,74.568,38.503,13.25,7.2802738610808975,0.013,0.097,11.64
749,sw3052,B,564.203,58.932,91.137,72.532,39.115,12.423,9.363423861617797,0.014,0.073,16.93
750,sw3811,B,541.917,26.647,48.055,79.048,42.397,15.54,9.850550304459375,0.019,0.094,12.46
751,sw2837,A,598.981,29.584,69.497,78.935,-9.269,119.092,6.29849810177679,0.013,0.08,13.95
752,sw4698,A,504.187,15.631,40.206,76.216,-125.407,174.0,6.163338463896163,0.015,0.085,11.57
753,sw3393,B,598.07,40.464,63.515,80.601,49.287,15.828,11.67386862291897,0.022,0.106,11.84
754,sw3707,B,555.172,32.382,76.858,75.048,40.653,12.393,8.376508339739948,0.009,0.069,15.4
755,sw2393,B,596.234,47.611,77.423,77.491,38.265,18.284,10.899788633085185,0.019,0.091,10.12
756,sw4153,B,598.719,20.793,48.008,76.136,37.338,16.234,7.88699550367546,0.018,0.1,11.44
757,sw2465,A,598.811,26.752,61.196,89.108,46.17,12.947,7.129742576952604,0.016,0.093,12.77
758,sw4130,A,582.456,15.484,46.044,80.311,31.095,36.803,6.314204450393174,0.014,0.11,9.83
759,sw2092,B,573.601,18.883,44.685,82.482,44.222,15.298,7.0822791208890585,0.019,0.104,13.57
760,sw2406,B,599.003,26.48,54.967,88.966,46.359,13.78,6.853887491312732,0.018,0.094,12.67
761,sw4936,A,584.871,16.821,50.867,74.474,39.73,14.664,11.74291312517972,0.018,0.116,10.93
762,sw4175,A,582.47,24.15,76.501,73.806,3.424,98.688,7.777279091110054,0.012,0.088,12.94
763,sw4726,B,568.099,24.685,56.509,82.776,10.861,93.341,8.348513467187384,0.015,0.106,10.95
764,sw4745,A,596.951,30.798,75.168,72.735,36.708,15.569,10.423289275556298,0.009,0.07,14.9
765,sw2989,B,595.814,20.039,60.618,82.732,38.885,15.666,5.6035178758553785,0.022,0.123,11.47
766,sw2578,A,597.404,37.664,87.128,82.035,42.391,21.042,5.850199953113541,0.016,0.072,14.31
767,sw3917,A,556.235,41.767,72.673,79.198,46.591,15.189,10.714309607755245,0.015,0.079,12.78
768,sw2137,B,575.348,44.769,76.509,87.528,46.009,34.385,8.836241814378338,0.022,0.091,12.76
769,sw3111,A,599.474,36.951,62.649,75.686,43.583,16.532,7.994769894984884,0.016,0.085,9.16
770,sw3467,B,586.224,87.368,117.64,83.944,54.535,17.226,7.820785613756579,0.014,0.07,12.87
771,sw2467,B,592.014,30.61,57.238,74.738,3.585,100.951,9.309900296452106,0.016,0.1,9.02
772,sw4151,A,591.484,21.677,45.595,79.361,36.897,19.19,7.420362357127093,0.025,0.108,14.0
773,sw4681,A,596.519,48.29,90.957,77.036,39.546,36.467,12.741330865538723,0.01,0.076,14.69
774,sw2028,A,592.83,35.302,74.05,83.471,43.416,16.827,6.7428735348467965,0.016,0.064,11.48
775,sw3113,B,599.191,41.751,80.583,82.785,47.305,14.48,6.208493762042576,0.016,0.097,10.51
776,sw2113,B,566.921,22.206,64.628,88.936,41.05,12.459,6.838462631421506,0.014,0.072,14.93
777,sw4829,B,517.957,13.756,36.269,76.156,35.936,14.161,6.748061265994973,0.013,0.088,13.8
778,sw2234,A,598.634,56.896,96.714,83.781,43.294,23.476,10.126572391519142,0.014,0.061,16.59
779,sw4071,A,597.244,31.557,99.769,75.753,39.75,34.382,11.642210114650533,0.03,0.15,9.98
780,sw3561,A,589.671,17.26,43.205,75.666,35.951,17.573,6.819354104005198,0.014,0.096,8.77
781,sw4877,A,459.335,15.356,46.085,77.063,-224.944,143.948,2.949418476334428,0.015,0.066,13.3
782,sw4814,B,522.985,13.165,41.135,82.746,35.285,13.529,7.247974241300761,0.012,0.098,13.29
783,sw4370,A,595.508,13.334,37.91,81.741,29.118,17.521,4.459011140852686,0.014,0.09,12.62
784,sw3646,B,599.771,34.364,60.707,80.945,48.343,14.667,9.547711824191103,0.016,0.085,10.98
785,sw4356,B,599.606,24.882,57.57,76.459,19.173,78.63,8.446974003651661,0.018,0.086,11.38
786,sw3108,A,597.629,27.888,74.995,87.916,46.747,12.623,9.416876362782398,0.022,0.133,9.08
787,sw2835,B,590.011,29.968,73.854,82.622,40.093,12.695,3.9521083740396614,0.012,0.071,15.53
788,sw3813,A,599.832,13.988,56.187,73.214,27.324,14.464,5.618952864898071,0.011,0.064,14.33
789,sw2870,B,599.728,71.413,103.221,77.588,44.222,15.378,10.43489548877999,0.014,0.069,13.31
790,sw2015,A,577.945,11.221,37.912,87.541,37.197,13.358,6.9829761011888305,0.01,0.059,8.63
791,sw3870,B,560.414,36.185,58.364,85.405,45.654,16.521,12.337118547549661,0.021,0.101,12.13
792,sw3439,A,593.113,55.751,86.423,86.569,51.262,13.463,12.739687293824419,0.016,0.094,12.12
793,sw4372,A,599.768,28.543,67.704,79.618,38.513,17.73,8.768167898521105,0.018,0.101,10.85
794,sw2295,B,574.376,35.309,74.649,84.918,42.505,15.669,7.761738958333531,0.016,0.075,11.6
795,sw3268,B,598.681,75.866,120.332,84.198,50.64,13.743,11.62254157833847,0.012,0.081,13.16
796,sw4830,A,595.549,16.931,54.678,82.647,42.566,14.436,9.633343821337956,0.021,0.14,6.32
797,sw4036,A,598.72,15.659,49.39,78.495,41.294,14.374,9.101589357114726,0.024,0.126,9.02
798,sw2526,A,594.885,38.188,79.211,88.846,44.607,15.987,7.3164826475084475,0.015,0.085,11.31
799,sw4148,B,585.624,21.438,44.259,81.418,40.289,17.871,8.291237646556384,0.017,0.114,10.09
800,sw2837,B,590.577,68.474,107.168,81.537,46.426,14.209,9.801370457108161,0.01,0.061,17.71
801,sw3052,A,565.753,34.407,63.969,83.858,44.247,13.532,5.574048669579263,0.015,0.073,14.22
802,sw3811,A,594.598,9.15,35.281,71.747,39.046,11.748,5.985356475371949,0.019,0.113,9.86
803,sw4698,B,446.771,9.762,32.337,75.576,39.436,11.085,7.755811861594739,0.015,0.099,11.08
804,sw2393,A,599.403,44.105,88.143,77.142,42.462,11.662,5.202436953446254,0.017,0.072,14.5
805,sw3707,A,543.476,22.21,49.878,76.402,39.828,14.136,6.768726810843333,0.01,0.068,15.55
806,sw3393,A,583.463,9.619,36.195,83.192,31.1,15.739,4.870532274813252,0.02,0.117,9.9
807,sw2406,A,596.023,34.9,62.937,81.801,46.921,19.36,9.208993647282231,0.018,0.096,8.29
808,sw4936,B,515.821,5.117,25.455,73.04,-2.146,87.936,4.86167303075493,0.013,0.093,12.03
809,sw4175,B,596.133,17.0,51.189,80.113,38.566,15.538,8.778746123083312,0.02,0.123,9.23
810,sw4130,B,567.845,29.956,71.74,76.655,38.478,15.339,9.43282583235737,0.012,0.088,12.64
811,sw2092,A,599.413,39.013,59.781,82.488,-10.843,129.849,12.620696338176904,0.019,0.106,10.79
812,sw2465,B,525.814,41.436,88.723,81.258,44.802,13.241,9.754919760098332,0.012,0.072,13.78
813,sw4153,A,492.795,44.416,91.514,75.57,44.689,12.517,8.382864379862363,0.011,0.071,14.78
814,sw4745,B,533.13,30.004,76.185,76.632,35.034,14.54,6.274050527020243,0.009,0.066,14.74
815,sw4726,A,594.242,44.183,82.75,76.422,39.139,16.865,9.874368988162857,0.012,0.072,13.62
816,sw2578,B,566.994,47.392,94.817,87.724,46.876,12.337,9.852164411901393,0.014,0.096,11.89
817,sw2989,A,599.683,41.347,89.577,81.004,46.327,13.142,9.81032308664032,0.027,0.145,8.87
818,sw3111,B,599.918,30.397,59.679,81.374,-18.962,127.671,7.218834630736645,0.019,0.103,12.54
819,sw3917,B,596.148,31.808,84.027,73.63,30.378,17.416,6.292106266683614,0.011,0.062,17.62
820,sw2137,A,576.358,41.068,77.457,88.81,46.74,13.746,6.92570304370194,0.015,0.075,11.74
821,sw4151,B,551.91,19.894,45.25,75.367,36.592,16.482,6.1061656891005285,0.013,0.09,13.33
822,sw2467,A,599.273,24.662,62.302,75.664,40.187,14.036,4.7636325331523075,0.018,0.095,7.22
823,sw3467,A,597.784,106.034,115.649,85.845,56.726,14.336,11.05248764349224,0.014,0.068,15.6
824,sw4681,B,594.612,6.043,31.359,75.794,32.056,11.722,5.160239000543183,0.018,0.12,9.22
825,sw2028,B,529.904,11.806,33.961,78.944,12.637,88.343,6.687836476560884,0.019,0.108,10.5
826,sw2113,A,586.095,49.335,86.358,87.734,47.595,14.528,9.66254877296229,0.014,0.082,15.18
827,sw3113,A,598.701,31.194,77.865,87.466,49.074,16.219,7.266961896259004,0.023,0.132,9.28
828,sw4829,A,599.15,42.895,90.681,82.537,45.856,11.835,8.595109655995573,0.012,0.084,13.25
829,sw2234,B,593.452,14.629,51.407,88.58,41.655,11.799,5.0457121210346045,0.013,0.089,10.84
830,sw4814,A,599.386,27.899,74.758,75.686,36.315,14.866,8.98815607527205,0.011,0.083,13.06
831,sw4877,B,517.524,58.345,94.281,70.909,45.404,13.866,14.643428013456305,0.011,0.064,17.32
832,sw4071,B,580.495,21.949,73.681,73.525,27.603,14.978,4.198281913293445,0.011,0.062,17.25
833,sw3561,B,598.761,15.678,44.749,86.011,35.924,17.144,8.92276980995572,0.021,0.127,9.71
834,sw3646,A,599.124,33.519,73.314,85.636,38.796,18.301,6.7773047180467465,0.013,0.078,14.41
835,sw4356,A,597.494,13.251,44.867,74.17,-4.556,109.859,7.928652162572482,0.018,0.085,13.61
836,sw4370,B,597.846,34.912,65.647,77.433,44.477,14.076,11.037387606886101,0.014,0.086,13.68
837,sw3108,B,594.963,50.024,104.723,83.214,45.033,26.3,6.453381299880835,0.014,0.083,13.28
838,sw3870,A,599.618,14.05,49.446,77.094,-31.722,129.301,4.200582855994373,0.019,0.109,8.26
839,sw2015,B,534.959,24.452,64.533,79.724,38.817,20.903,8.92040462152604,0.011,0.082,12.68
840,sw3813,B,593.223,38.167,69.633,77.602,36.143,50.085,9.324857606452948,0.02,0.102,8.77
841,sw2870,A,599.887,40.809,82.38,76.517,46.294,8.208,6.60044585462543,0.014,0.102,13.72
842,sw2835,A,599.567,77.725,111.791,80.377,11.911,97.29,9.736209673255734,0.014,0.077,14.32
843,sw3439,B,596.535,48.162,103.071,88.922,46.743,15.234,6.46147723821592,0.019,0.086,12.99
